,date,Error
0,145489980,145489994
1,145490040,145490032
2,145490100,145490093
3,145490160,145490148
4,145490220,145490226
5,145490280,145490255
6,145490340,145490355
7,145490400,145490391
8,145490460,145490461
9,145490520,145490516
10,145490580,145490592
11,145490640,145490618
12,145490700,145490695
13,145490760,145490755
14,145490820,145490829
15,145490880,145490868
16,145490940,145490937
17,145491000,145490990
18,145491060,145491059
19,145491120,145491123
20,145491180,145491167
21,145491240,145491249
22,145491300,145491307
23,145491360,145491363
24,145491420,145491427
25,145491480,145491472
26,145491540,145491537
27,145491600,145491589
28,145491660,145491656
29,145491720,145491723
30,145491780,145491772
31,145491840,145491835
32,145491900,145491892
33,145491960,145491950
34,145492020,145492012
35,145492080,145492078
36,145492140,145492127
37,145492200,145492200
38,145492260,145492274
39,145492320,145492325
40,145492380,145492377
41,145492440,145492430
42,145492500,145492491
43,145492560,145492574
44,145492620,145492619
45,145492680,145492672
46,145492740,145492740
47,145492800,145492819
48,145492860,145492860
49,145492920,145492924
50,145492980,145492981
51,145493040,145493035
52,145493100,145493087
53,145493160,145493155
54,145493220,145493216
55,145493280,145493283
56,145493340,145493346
57,145493400,145493407
58,145493460,145493460
59,145493520,145493526
60,145493580,145493571
61,145493640,145493650
62,145493700,145493703
63,145493760,145493756
64,145493820,145493822
65,145493880,145493878
66,145493940,145493949
67,145494000,145494013
68,145494060,145494079
69,145494120,145494105
70,145494180,145494164
71,145494240,145494233
72,145494300,145494300
73,145494360,145494366
74,145494420,145494421
75,145494480,145494458
76,145494540,145494535
77,145494600,145494606
78,145494660,145494660
79,145494720,145494725
80,145494780,145494776
81,145494840,145494836
82,145494900,145494900
83,145494960,145494962
84,145495020,145495020
85,145495080,145495080
86,145495140,145495132
87,145495200,145495201
88,145495260,145495260
89,145495320,145495329
90,145495380,145495389
91,145495440,145495440
92,145495500,145495495
93,145495560,145495552
94,145495620,145495622
95,145495680,145495679
96,145495740,145495735
97,145495800,145495799
98,145495860,145495852
99,145495920,145495924
100,145495980,145495974
101,145496040,145496050
102,145496100,145496102
103,145496160,145496163
104,145496220,145496208
105,145496280,145496280
106,145496340,145496345
107,145496400,145496389
108,145496460,145496456
109,145496520,145496519
110,145496580,145496565
111,145496640,145496641
112,145496700,145496706
113,145496760,145496750
114,145496820,145496821
115,145496880,145496865
116,145496940,145496938
117,145497000,145496982
118,145497060,145497069
119,145497120,145497122
120,145497180,145497178
121,145497240,145497231
122,145497300,145497310
123,145497360,145497377
124,145497420,145497400
125,145497480,145497490
126,145497540,145497554
127,145497600,145497601
128,145497660,145497647
129,145497720,145497726
130,145497780,145497777
131,145497840,145497832
132,145497900,145497886
133,145497960,145497963
134,145498020,145498025
135,145498080,145498072
136,145498140,145498143
137,145498200,145498187
138,145498260,145498266
139,145498320,145498319
140,145498380,145498377
141,145498440,145498437
142,145498500,145498506
143,145498560,145498565
144,145498620,145498623
145,145498680,145498680
146,145498740,145498739
147,145498800,145498804
148,145498860,145498860
149,145498920,145498924
150,145498980,145498975
151,145499040,145499014
152,145499100,145499108
153,145499160,145499179
154,145499220,145499222
155,145499280,145499277
156,145499340,145499337
157,145499400,145499397
158,145499460,145499459
159,145499520,145499507
160,145499580,145499573
161,145499640,145499629
162,145499700,145499700
163,145499760,145499756
164,145499820,145499822
165,145499880,145499877
166,145499940,145499947
167,145500000,145500000
168,145500060,145500079
169,145500120,145500100
170,145500180,145500172
171,145500240,145500247
172,145500300,145500323
173,145500360,145500356
174,145500420,145500419
175,145500480,145500476
176,145500540,145500551
177,145500600,145500596
178,145500660,145500664
179,145500720,145500715
180,145500780,145500766
181,145500840,145500841
182,145500900,145500903
183,145500960,145500970
184,145501020,145501017
185,145501080,145501072
186,145501140,145501143
187,145501200,145501200
188,145501260,145501260
189,145501320,145501318
190,145501380,145501389
191,145501440,145501441
192,145501500,145501517
193,145501560,145501569
194,145501620,145501624
195,145501680,145501662
196,145501740,145501744
197,145501800,145501802
198,145501860,145501866
199,145501920,145501928
200,145501980,145501974
201,145502040,145502046
202,145502100,145502093
203,145502160,145502177
204,145502220,145502205
205,145502280,145502261
206,145502340,145502322
207,145502400,145502390
208,145502460,145502447
209,145502520,145502537
210,145502580,145502575
211,145502640,145502625
212,145502700,145502709
213,145502760,145502753
214,145502820,145502806
215,145502880,145502886
216,145502940,145502944
217,145503000,145502994
218,145503060,145503072
219,145503120,145503120
220,145503180,145503194
221,145503240,145503243
222,145503300,145503313
223,145503360,145503360
224,145503420,145503406
225,145503480,145503502
226,145503540,145503533
227,145503600,145503597
228,145503660,145503651
229,145503720,145503716
230,145503780,145503780
231,145503840,145503840
232,145503900,145503904
233,145503960,145503975
234,145504020,145504017
235,145504080,145504066
236,145504140,145504127
237,145504200,145504192
238,145504260,145504242
239,145504320,145504326
240,145504380,145504374
241,145504440,145504435
242,145504500,145504498
243,145504560,145504545
244,145504620,145504610
245,145504680,145504684
246,145504740,145504744
247,145504800,145504794
248,145504860,145504876
249,145504920,145504905
250,145504980,145504975
251,145505040,145505036
252,145505100,145505071
253,145505160,145505177
254,145505220,145505221
255,145505280,145505268
256,145505340,145505358
257,145505400,145505403
258,145505460,145505462
259,145505520,145505512
260,145505580,145505580
261,145505640,145505623
262,145505700,145505705
263,145505760,145505755
264,145505820,145505820
265,145505880,145505890
266,145505940,145505940
267,145506000,145506000
268,145506060,145506060
269,145506120,145506111
270,145506180,145506186
271,145506240,145506253
272,145506300,145506305
273,145506360,145506366
274,145506420,145506410
275,145506480,145506470
276,145506540,145506524
277,145506600,145506610
278,145506660,145506656
279,145506720,145506731
280,145506780,145506771
281,145506840,145506834
282,145506900,145506899
283,145506960,145506967
284,145507020,145507019
285,145507080,145507080
286,145507140,145507139
287,145507200,145507200
288,145507260,145507247
289,145507320,145507319
290,145507380,145507377
291,145507440,145507438
292,145507500,145507502
293,145507560,145507552
294,145507620,145507618
295,145507680,145507676
296,145507740,145507742
297,145507800,145507805
298,145507860,145507849
299,145507920,145507923
300,145507980,145507998
301,145508040,145508024
302,145508100,145508090
303,145508160,145508150
304,145508220,145508216
305,145508280,145508294
306,145508340,145508339
307,145508400,145508392
308,145508460,145508464
309,145508520,145508513
310,145508580,145508589
311,145508640,145508641
312,145508700,145508711
313,145508760,145508752
314,145508820,145508848
315,145508880,145508886
316,145508940,145508944
317,145509000,145508998
318,145509060,145509051
319,145509120,145509110
320,145509180,145509177
321,145509240,145509231
322,145509300,145509300
323,145509360,145509350
324,145509420,145509424
325,145509480,145509487
326,145509540,145509531
327,145509600,145509609
328,145509660,145509656
329,145509720,145509729
330,145509780,145509782
331,145509840,145509849
332,145509900,145509889
333,145509960,145509957
334,145510020,145510032
335,145510080,145510072
336,145510140,145510118
337,145510200,145510179
338,145510260,145510233
339,145510320,145510297
340,145510380,145510374
341,145510440,145510450
342,145510500,145510494
343,145510560,145510561
344,145510620,145510617
345,145510680,145510679
346,145510740,145510737
347,145510800,145510797
348,145510860,145510862
349,145510920,145510907
350,145510980,145510988
351,145511040,145511047
352,145511100,145511097
353,145511160,145511166
354,145511220,145511211
355,145511280,145511273
356,145511340,145511340
357,145511400,145511397
358,145511460,145511454
359,145511520,145511512
360,145511580,145511573
361,145511640,145511647
362,145511700,145511679
363,145511760,145511761
364,145511820,145511816
365,145511880,145511885
366,145511940,145511943
367,145512000,145511971
368,145512060,145512063
369,145512120,145512121
370,145512180,145512179
371,145512240,145512234
372,145512300,145512306
373,145512360,145512354
374,145512420,145512436
375,145512480,145512483
376,145512540,145512559
377,145512600,145512591
378,145512660,145512641
379,145512720,145512725
380,145512780,145512786
381,145512840,145512839
382,145512900,145512883
383,145512960,145512954
384,145513020,145513024
385,145513080,145513077
386,145513140,145513137
387,145513200,145513197
388,145513260,145513249
389,145513320,145513313
390,145513380,145513364
391,145513440,145513455
392,145513500,145513494
393,145513560,145513562
394,145513620,145513608
395,145513680,145513685
396,145513740,145513720
397,145513800,145513807
398,145513860,145513858
399,145513920,145513939
400,145513980,145513965
401,145514040,145514039
402,145514100,145514101
403,145514160,145514170
404,145514220,145514214
405,145514280,145514279
406,145514340,145514317
407,145514400,145514390
408,145514460,145514462
409,145514520,145514529
410,145514580,145514576
411,145514640,145514658
412,145514700,145514715
413,145514760,145514758
414,145514820,145514794
415,145514880,145514861
416,145514940,145514931
417,145515000,145515009
418,145515060,145515061
419,145515120,145515098
420,145515180,145515176
421,145515240,145515254
422,145515300,145515295
423,145515360,145515351
424,145515420,145515438
425,145515480,145515479
426,145515540,145515534
427,145515600,145515601
428,145515660,145515659
429,145515720,145515714
430,145515780,145515790
431,145515840,145515849
432,145515900,145515906
433,145515960,145515957
434,145516020,145516029
435,145516080,145516078
436,145516140,145516142
437,145516200,145516208
438,145516260,145516266
439,145516320,145516335
440,145516380,145516382
441,145516440,145516422
442,145516500,145516487
443,145516560,145516571
444,145516620,145516615
445,145516680,145516681
446,145516740,145516730
447,145516800,145516808
448,145516860,145516855
449,145516920,145516932
450,145516980,145516973
451,145517040,145517049
452,145517100,145517104
453,145517160,145517151
454,145517220,145517228
455,145517280,145517269
456,145517340,145517330
457,145517400,145517405
458,145517460,145517452
459,145517520,145517513
460,145517580,145517575
461,145517640,145517628
462,145517700,145517708
463,145517760,145517764
464,145517820,145517818
465,145517880,145517877
466,145517940,145517942
467,145518000,145518015
468,145518060,145518066
469,145518120,145518113
470,145518180,145518185
471,145518240,145518237
472,145518300,145518297
473,145518360,145518376
474,145518420,145518414
475,145518480,145518474
476,145518540,145518519
477,145518600,145518584
478,145518660,145518662
479,145518720,145518712
480,145518780,145518783
481,145518840,145518827
482,145518900,145518891
483,145518960,145518964
484,145519020,145519032
485,145519080,145519083
486,145519140,145519149
487,145519200,145519215
488,145519260,145519268
489,145519320,145519309
490,145519380,145519377
491,145519440,145519444
492,145519500,145519494
493,145519560,145519562
494,145519620,145519603
495,145519680,145519670
496,145519740,145519743
497,145519800,145519776
498,145519860,145519847
499,145519920,145519918
500,145519980,145519961
501,145520040,145520039
502,145520100,145520091
503,145520160,145520156
504,145520220,145520216
505,145520280,145520280
506,145520340,145520333
507,145520400,145520399
508,145520460,145520452
509,145520520,145520523
510,145520580,145520594
511,145520640,145520640
512,145520700,145520700
513,145520760,145520747
514,145520820,145520824
515,145520880,145520871
516,145520940,145520930
517,145521000,145521003
518,145521060,145521060
519,145521120,145521129
520,145521180,145521192
521,145521240,145521233
522,145521300,145521300
523,145521360,145521375
524,145521420,145521427
525,145521480,145521485
526,145521540,145521551
527,145521600,145521592
528,145521660,145521664
529,145521720,145521732
530,145521780,145521794
531,145521840,145521830
532,145521900,145521896
533,145521960,145521961
534,145522020,145522016
535,145522080,145522075
536,145522140,145522144
537,145522200,145522195
538,145522260,145522241
539,145522320,145522321
540,145522380,145522374
541,145522440,145522431
542,145522500,145522483
543,145522560,145522568
544,145522620,145522596
545,145522680,145522662
546,145522740,145522736
547,145522800,145522810
548,145522860,145522871
549,145522920,145522907
550,145522980,145522977
551,145523040,145523023
552,145523100,145523108
553,145523160,145523144
554,145523220,145523217
555,145523280,145523288
556,145523340,145523336
557,145523400,145523412
558,145523460,145523450
559,145523520,145523521
560,145523580,145523586
561,145523640,145523637
562,145523700,145523711
563,145523760,145523763
564,145523820,145523802
565,145523880,145523917
566,145523940,145523944
567,145524000,145524000
568,145524060,145524045
569,145524120,145524119
570,145524180,145524174
571,145524240,145524244
572,145524300,145524301
573,145524360,145524376
574,145524420,145524420
575,145524480,145524483
576,145524540,145524541
577,145524600,145524597
578,145524660,145524657
579,145524720,145524729
580,145524780,145524785
581,145524840,145524832
582,145524900,145524887
583,145524960,145524958
584,145525020,145525029
585,145525080,145525078
586,145525140,145525155
587,145525200,145525191
588,145525260,145525260
589,145525320,145525293
590,145525380,145525373
591,145525440,145525435
592,145525500,145525503
593,145525560,145525575
594,145525620,145525619
595,145525680,145525692
596,145525740,145525744
597,145525800,145525807
598,145525860,145525854
599,145525920,145525931
600,145525980,145525968
601,145526040,145526042
602,145526100,145526089
603,145526160,145526153
604,145526220,145526204
605,145526280,145526273
606,145526340,145526341
607,145526400,145526398
608,145526460,145526445
609,145526520,145526532
610,145526580,145526581
611,145526640,145526648
612,145526700,145526705
613,145526760,145526752
614,145526820,145526799
615,145526880,145526869
616,145526940,145526950
617,145527000,145526988
618,145527060,145527066
619,145527120,145527112
620,145527180,145527181
621,145527240,145527220
622,145527300,145527309
623,145527360,145527358
624,145527420,145527426
625,145527480,145527480
626,145527540,145527545
627,145527600,145527597
628,145527660,145527665
629,145527720,145527703
630,145527780,145527768
631,145527840,145527845
632,145527900,145527898
633,145527960,145527956
634,145528020,145528017
635,145528080,145528083
636,145528140,145528133
637,145528200,145528203
638,145528260,145528249
639,145528320,145528314
640,145528380,145528387
641,145528440,145528448
642,145528500,145528488
643,145528560,145528566
644,145528620,145528608
645,145528680,145528685
646,145528740,145528720
647,145528800,145528787
648,145528860,145528853
649,145528920,145528917
650,145528980,145528992
651,145529040,145529047
652,145529100,145529113
653,145529160,145529170
654,145529220,145529216
655,145529280,145529276
656,145529340,145529348
657,145529400,145529399
658,145529460,145529457
659,145529520,145529505
660,145529580,145529577
661,145529640,145529611
662,145529700,145529694
663,145529760,145529749
664,145529820,145529824
665,145529880,145529874
666,145529940,145529935
667,145530000,145530011
668,145530060,145530048
669,145530120,145530121
670,145530180,145530160
671,145530240,145530239
672,145530300,145530302
673,145530360,145530366
674,145530420,145530410
675,145530480,145530481
676,145530540,145530541
677,145530600,145530598
678,145530660,145530660
679,145530720,145530722
680,145530780,145530781
681,145530840,145530829
682,145530900,145530887
683,145530960,145530983
684,145531020,145531037
685,145531080,145531065
686,145531140,145531142
687,145531200,145531204
688,145531260,145531265
689,145531320,145531320
690,145531380,145531369
691,145531440,145531437
692,145531500,145531494
693,145531560,145531560
694,145531620,145531616
695,145531680,145531677
696,145531740,145531748
697,145531800,145531810
698,145531860,145531847
699,145531920,145531914
700,145531980,145531971
701,145532040,145532050
702,145532100,145532098
703,145532160,145532172
704,145532220,145532214
705,145532280,145532279
706,145532340,145532325
707,145532400,145532411
708,145532460,145532455
709,145532520,145532504
710,145532580,145532573
711,145532640,145532615
712,145532700,145532698
713,145532760,145532760
714,145532820,145532820
715,145532880,145532892
716,145532940,145532935
717,145533000,145533006
718,145533060,145533061
719,145533120,145533117
720,145533180,145533158
721,145533240,145533247
722,145533300,145533293
723,145533360,145533359
724,145533420,145533406
725,145533480,145533480
726,145533540,145533540
727,145533600,145533599
728,145533660,145533657
729,145533720,145533728
730,145533780,145533787
731,145533840,145533845
732,145533900,145533931
733,145533960,145533952
734,145534020,145534015
735,145534080,145534068
736,145534140,145534142
737,145534200,145534192
738,145534260,145534232
739,145534320,145534306
740,145534380,145534379
741,145534440,145534448
742,145534500,145534483
743,145534560,145534552
744,145534620,145534617
745,145534680,145534671
746,145534740,145534743
747,145534800,145534799
748,145534860,145534861
749,145534920,145534911
750,145534980,145534993
751,145535040,145535038
752,145535100,145535110
753,145535160,145535154
754,145535220,145535223
755,145535280,145535272
756,145535340,145535329
757,145535400,145535391
758,145535460,145535458
759,145535520,145535516
760,145535580,145535593
761,145535640,145535627
762,145535700,145535688
763,145535760,145535775
764,145535820,145535824
765,145535880,145535860
766,145535940,145535942
767,145536000,145536000
768,145536060,145536037
769,145536120,145536115
770,145536180,145536178
771,145536240,145536245
772,145536300,145536307
773,145536360,145536359
774,145536420,145536428
775,145536480,145536477
776,145536540,145536530
777,145536600,145536589
778,145536660,145536663
779,145536720,145536699
780,145536780,145536784
781,145536840,145536827
782,145536900,145536895
783,145536960,145536963
784,145537020,145537030
785,145537080,145537059
786,145537140,145537130
787,145537200,145537199
788,145537260,145537253
789,145537320,145537326
790,145537380,145537358
791,145537440,145537441
792,145537500,145537502
793,145537560,145537559
794,145537620,145537629
795,145537680,145537666
796,145537740,145537749
797,145537800,145537791
798,145537860,145537865
799,145537920,145537915
800,145537980,145537986
801,145538040,145538045
802,145538100,145538084
803,145538160,145538157
804,145538220,145538218
805,145538280,145538276
806,145538340,145538331
807,145538400,145538416
808,145538460,145538460
809,145538520,145538533
810,145538580,145538573
811,145538640,145538628
812,145538700,145538700
813,145538760,145538753
814,145538820,145538841
815,145538880,145538880
816,145538940,145538949
817,145539000,145538996
818,145539060,145539055
819,145539120,145539118
820,145539180,145539181
821,145539240,145539246
822,145539300,145539297
823,145539360,145539352
824,145539420,145539408
825,145539480,145539478
826,145539540,145539543
827,145539600,145539602
828,145539660,145539658
829,145539720,145539712
830,145539780,145539780
831,145539840,145539843
832,145539900,145539898
833,145539960,145539960
834,145540020,145540017
835,145540080,145540087
836,145540140,145540134
837,145540200,145540200
838,145540260,145540261
839,145540320,145540325
840,145540380,145540392
841,145540440,145540444
842,145540500,145540503
843,145540560,145540544
844,145540620,145540624
845,145540680,145540700
846,145540740,145540730
847,145540800,145540788
848,145540860,145540856
849,145540920,145540928
850,145540980,145540983
851,145541040,145541034
852,145541100,145541098
853,145541160,145541168
854,145541220,145541224
855,145541280,145541302
856,145541340,145541348
857,145541400,145541401
858,145541460,145541464
859,145541520,145541515
860,145541580,145541569
861,145541640,145541640
862,145541700,145541702
863,145541760,145541745
864,145541820,145541813
865,145541880,145541875
866,145541940,145541940
867,145542000,145541996
868,145542060,145542062
869,145542120,145542119
870,145542180,145542188
871,145542240,145542221
872,145542300,145542314
873,145542360,145542372
874,145542420,145542419
875,145542480,145542484
876,145542540,145542544
877,145542600,145542591
878,145542660,145542660
879,145542720,145542725
880,145542780,145542781
881,145542840,145542848
882,145542900,145542899
883,145542960,145542959
884,145543020,145543011
885,145543080,145543075
886,145543140,145543134
887,145543200,145543215
888,145543260,145543260
889,145543320,145543309
890,145543380,145543381
891,145543440,145543437
892,145543500,145543468
893,145543560,145543562
894,145543620,145543603
895,145543680,145543683
896,145543740,145543729
897,145543800,145543784
898,145543860,145543862
899,145543920,145543904
900,145543980,145543974
901,145544040,145544040
902,145544100,145544104
903,145544160,145544165
904,145544220,145544218
905,145544280,145544270
906,145544340,145544357
907,145544400,145544392
908,145544460,145544476
909,145544520,145544514
910,145544580,145544589
911,145544640,145544648
912,145544700,145544688
913,145544760,145544761
914,145544820,145544825
915,145544880,145544885
916,145544940,145544937
917,145545000,145545001
918,145545060,145545055
919,145545120,145545107
920,145545180,145545187
921,145545240,145545233
922,145545300,145545311
923,145545360,145545364
924,145545420,145545410
925,145545480,145545477
926,145545540,145545536
927,145545600,145545590
928,145545660,145545663
929,145545720,145545714
930,145545780,145545794
931,145545840,145545846
932,145545900,145545890
933,145545960,145545958
934,145546020,145546016
935,145546080,145546063
936,145546140,145546147
937,145546200,145546207
938,145546260,145546267
939,145546320,145546314
940,145546380,145546388
941,145546440,145546436
942,145546500,145546507
943,145546560,145546576
944,145546620,145546620
945,145546680,145546664
946,145546740,145546735
947,145546800,145546804
948,145546860,145546870
949,145546920,145546907
950,145546980,145546977
951,145547040,145547040
952,145547100,145547102
953,145547160,145547167
954,145547220,145547209
955,145547280,145547274
956,145547340,145547348
957,145547400,145547401
958,145547460,145547462
959,145547520,145547529
960,145547580,145547580
961,145547640,145547643
962,145547700,145547695
963,145547760,145547745
964,145547820,145547806
965,145547880,145547879
966,145547940,145547937
967,145548000,145547992
968,145548060,145548061
969,145548120,145548110
970,145548180,145548180
971,145548240,145548238
972,145548300,145548290
973,145548360,145548336
974,145548420,145548432
975,145548480,145548481
976,145548540,145548512
977,145548600,145548594
978,145548660,145548661
979,145548720,145548716
980,145548780,145548783
981,145548840,145548829
982,145548900,145548900
983,145548960,145548958
984,145549020,145549017
985,145549080,145549076
986,145549140,145549140
987,145549200,145549207
988,145549260,145549253
989,145549320,145549314
990,145549380,145549380
991,145549440,145549437
992,145549500,145549501
993,145549560,145549565
994,145549620,145549630
995,145549680,145549677
996,145549740,145549716
997,145549800,145549798
998,145549860,145549861
999,145549920,145549917
1000,145549980,145549977
1001,145550040,145550014
1002,145550100,145550103
1003,145550160,145550155
1004,145550220,145550203
1005,145550280,145550270
1006,145550340,145550330
1007,145550400,145550404
1008,145550460,145550463
1009,145550520,145550533
1010,145550580,145550584
1011,145550640,145550625
1012,145550700,145550684
1013,145550760,145550769
1014,145550820,145550833
1015,145550880,145550876
1016,145550940,145550943
1017,145551000,145550983
1018,145551060,145551039
1019,145551120,145551107
1020,145551180,145551175
1021,145551240,145551233
1022,145551300,145551296
1023,145551360,145551354
1024,145551420,145551424
1025,145551480,145551492
1026,145551540,145551539
1027,145551600,145551618
1028,145551660,145551652
1029,145551720,145551713
1030,145551780,145551781
1031,145551840,145551835
1032,145551900,145551909
1033,145551960,145551952
1034,145552020,145552031
1035,145552080,145552080
1036,145552140,145552163
1037,145552200,145552194
1038,145552260,145552256
1039,145552320,145552320
1040,145552380,145552357
1041,145552440,145552444
1042,145552500,145552502
1043,145552560,145552560
1044,145552620,145552603
1045,145552680,145552663
1046,145552740,145552743
1047,145552800,145552809
1048,145552860,145552873
1049,145552920,145552910
1050,145552980,145552968
1051,145553040,145553036
1052,145553100,145553079
1053,145553160,145553153
1054,145553220,145553226
1055,145553280,145553294
1056,145553340,145553340
1057,145553400,145553414
1058,145553460,145553462
1059,145553520,145553520
1060,145553580,145553577
1061,145553640,145553640
1062,145553700,145553696
1063,145553760,145553757
1064,145553820,145553812
1065,145553880,145553880
1066,145553940,145553939
1067,145554000,145553984
1068,145554060,145554056
1069,145554120,145554110
1070,145554180,145554158
1071,145554240,145554242
1072,145554300,145554313
1073,145554360,145554381
1074,145554420,145554433
1075,145554480,145554470
1076,145554540,145554549
1077,145554600,145554609
1078,145554660,145554639
1079,145554720,145554726
1080,145554780,145554784
1081,145554840,145554840
1082,145554900,145554900
1083,145554960,145554959
1084,145555020,145555034
1085,145555080,145555074
1086,145555140,145555137
1087,145555200,145555199
1088,145555260,145555260
1089,145555320,145555301
1090,145555380,145555391
1091,145555440,145555440
1092,145555500,145555503
1093,145555560,145555560
1094,145555620,145555617
1095,145555680,145555675
1096,145555740,145555739
1097,145555800,145555800
1098,145555860,145555869
1099,145555920,145555921
1100,145555980,145555977
1101,145556040,145556057
1102,145556100,145556086
1103,145556160,145556145
1104,145556220,145556221
1105,145556280,145556276
1106,145556340,145556321
1107,145556400,145556395
1108,145556460,145556451
1109,145556520,145556529
1110,145556580,145556572
1111,145556640,145556648
1112,145556700,145556702
1113,145556760,145556756
1114,145556820,145556819
1115,145556880,145556882
1116,145556940,145556915
1117,145557000,145557001
1118,145557060,145557055
1119,145557120,145557135
1120,145557180,145557172
1121,145557240,145557249
1122,145557300,145557273
1123,145557360,145557366
1124,145557420,145557420
1125,145557480,145557476
1126,145557540,145557537
1127,145557600,145557596
1128,145557660,145557662
1129,145557720,145557717
1130,145557780,145557761
1131,145557840,145557837
1132,145557900,145557920
1133,145557960,145557959
1134,145558020,145558020
1135,145558080,145558074
1136,145558140,145558140
1137,145558200,145558200
1138,145558260,145558256
1139,145558320,145558326
1140,145558380,145558369
1141,145558440,145558437
1142,145558500,145558503
1143,145558560,145558556
1144,145558620,145558606
1145,145558680,145558683
1146,145558740,145558729
1147,145558800,145558794
1148,145558860,145558850
1149,145558920,145558917
1150,145558980,145558974
1151,145559040,145559034
1152,145559100,145559104
1153,145559160,145559175
1154,145559220,145559215
1155,145559280,145559283
1156,145559340,145559335
1157,145559400,145559399
1158,145559460,145559469
1159,145559520,145559519
1160,145559580,145559570
1161,145559640,145559631
1162,145559700,145559692
1163,145559760,145559758
1164,145559820,145559826
1165,145559880,145559865
1166,145559940,145559928
1167,145560000,145559989
1168,145560060,145560041
1169,145560120,145560131
1170,145560180,145560178
1171,145560240,145560257
1172,145560300,145560284
1173,145560360,145560370
1174,145560420,145560411
1175,145560480,145560474
1176,145560540,145560529
1177,145560600,145560589
1178,145560660,145560645
1179,145560720,145560720
1180,145560780,145560765
1181,145560840,145560836
1182,145560900,145560898
1183,145560960,145560964
1184,145561020,145561020
1185,145561080,145561081
1186,145561140,145561143
1187,145561200,145561198
1188,145561260,145561261
1189,145561320,145561309
1190,145561380,145561371
1191,145561440,145561456
1192,145561500,145561498
1193,145561560,145561551
1194,145561620,145561631
1195,145561680,145561677
1196,145561740,145561732
1197,145561800,145561784
1198,145561860,145561865
1199,145561920,145561908
1200,145561980,145561973
1201,145562040,145562044
1202,145562100,145562100
1203,145562160,145562158
1204,145562220,145562216
1205,145562280,145562289
1206,145562340,145562360
1207,145562400,145562393
1208,145562460,145562463
1209,145562520,145562537
1210,145562580,145562588
1211,145562640,145562632
1212,145562700,145562694
1213,145562760,145562753
1214,145562820,145562809
1215,145562880,145562872
1216,145562940,145562940
1217,145563000,145562993
1218,145563060,145563066
1219,145563120,145563120
1220,145563180,145563175
1221,145563240,145563246
1222,145563300,145563301
1223,145563360,145563360
1224,145563420,145563428
1225,145563480,145563483
1226,145563540,145563537
1227,145563600,145563607
1228,145563660,145563661
1229,145563720,145563747
1230,145563780,145563788
1231,145563840,145563849
1232,145563900,145563910
1233,145563960,145563959
1234,145564020,145564031
1235,145564080,145564079
1236,145564140,145564130
1237,145564200,145564193
1238,145564260,145564263
1239,145564320,145564303
1240,145564380,145564380
1241,145564440,145564431
1242,145564500,145564505
1243,145564560,145564551
1244,145564620,145564636
1245,145564680,145564685
1246,145564740,145564726
1247,145564800,145564815
1248,145564860,145564856
1249,145564920,145564911
1250,145564980,145564968
1251,145565040,145565043
1252,145565100,145565113
1253,145565160,145565153
1254,145565220,145565209
1255,145565280,145565267
1256,145565340,145565352
1257,145565400,145565414
1258,145565460,145565455
1259,145565520,145565523
1260,145565580,145565578
1261,145565640,145565638
1262,145565700,145565707
1263,145565760,145565762
1264,145565820,145565821
1265,145565880,145565876
1266,145565940,145565946
1267,145566000,145565996
1268,145566060,145566059
1269,145566120,145566120
1270,145566180,145566166
1271,145566240,145566236
1272,145566300,145566295
1273,145566360,145566360
1274,145566420,145566407
1275,145566480,145566467
1276,145566540,145566554
1277,145566600,145566609
1278,145566660,145566666
1279,145566720,145566736
1280,145566780,145566782
1281,145566840,145566838
1282,145566900,145566902
1283,145566960,145566940
1284,145567020,145567008
1285,145567080,145567085
1286,145567140,145567139
1287,145567200,145567186
1288,145567260,145567264
1289,145567320,145567327
1290,145567380,145567384
1291,145567440,145567438
1292,145567500,145567490
1293,145567560,145567560
1294,145567620,145567622
1295,145567680,145567675
1296,145567740,145567744
1297,145567800,145567801
1298,145567860,145567861
1299,145567920,145567898
1300,145567980,145567988
1301,145568040,145568055
1302,145568100,145568094
1303,145568160,145568144
1304,145568220,145568224
1305,145568280,145568274
1306,145568340,145568329
1307,145568400,145568410
1308,145568460,145568445
1309,145568520,145568525
1310,145568580,145568566
1311,145568640,145568652
1312,145568700,145568703
1313,145568760,145568756
1314,145568820,145568820
1315,145568880,145568883
1316,145568940,145568946
1317,145569000,145569006
1318,145569060,145569063
1319,145569120,145569114
1320,145569180,145569184
1321,145569240,145569225
1322,145569300,145569308
1323,145569360,145569366
1324,145569420,145569431
1325,145569480,145569473
1326,145569540,145569540
1327,145569600,145569606
1328,145569660,145569661
1329,145569720,145569714
1330,145569780,145569781
1331,145569840,145569839
1332,145569900,145569907
1333,145569960,145569952
1334,145570020,145570021
1335,145570080,145570080
1336,145570140,145570145
1337,145570200,145570198
1338,145570260,145570260
1339,145570320,145570318
1340,145570380,145570379
1341,145570440,145570439
1342,145570500,145570495
1343,145570560,145570586
1344,145570620,145570610
1345,145570680,145570667
1346,145570740,145570731
1347,145570800,145570791
1348,145570860,145570859
1349,145570920,145570932
1350,145570980,145570994
1351,145571040,145571040
1352,145571100,145571074
1353,145571160,145571161
1354,145571220,145571205
1355,145571280,145571273
1356,145571340,145571327
1357,145571400,145571402
1358,145571460,145571452
1359,145571520,145571525
1360,145571580,145571582
1361,145571640,145571636
1362,145571700,145571699
1363,145571760,145571767
1364,145571820,145571815
1365,145571880,145571887
1366,145571940,145571938
1367,145572000,145572000
1368,145572060,145572065
1369,145572120,145572131
1370,145572180,145572183
1371,145572240,145572239
1372,145572300,145572305
1373,145572360,145572343
1374,145572420,145572434
1375,145572480,145572465
1376,145572540,145572547
1377,145572600,145572593
1378,145572660,145572663
1379,145572720,145572717
1380,145572780,145572781
1381,145572840,145572830
1382,145572900,145572877
1383,145572960,145572962
1384,145573020,145573012
1385,145573080,145573072
1386,145573140,145573131
1387,145573200,145573217
1388,145573260,145573253
1389,145573320,145573321
1390,145573380,145573367
1391,145573440,145573453
1392,145573500,145573493
1393,145573560,145573532
1394,145573620,145573645
1395,145573680,145573668
1396,145573740,145573751
1397,145573800,145573805
1398,145573860,145573864
1399,145573920,145573916
1400,145573980,145573980
1401,145574040,145574050
1402,145574100,145574095
1403,145574160,145574160
1404,145574220,145574227
1405,145574280,145574279
1406,145574340,145574334
1407,145574400,145574412
1408,145574460,145574461
1409,145574520,145574517
1410,145574580,145574571
1411,145574640,145574628
1412,145574700,145574706
1413,145574760,145574767
1414,145574820,145574797
1415,145574880,145574872
1416,145574940,145574947
1417,145575000,145575022
1418,145575060,145575079
1419,145575120,145575127
1420,145575180,145575191
1421,145575240,145575233
1422,145575300,145575305
1423,145575360,145575346
1424,145575420,145575413
1425,145575480,145575481
1426,145575540,145575559
1427,145575600,145575605
1428,145575660,145575660
1429,145575720,145575717
1430,145575780,145575765
1431,145575840,145575844
1432,145575900,145575895
1433,145575960,145575960
1434,145576020,145576010
1435,145576080,145576080
1436,145576140,145576123
1437,145576200,145576203
1438,145576260,145576271
1439,145576320,145576327
1440,145576380,145576399
1441,145576440,145576441
1442,145576500,145576503
1443,145576560,145576563
1444,145576620,145576610
1445,145576680,145576699
1446,145576740,145576747
1447,145576800,145576796
1448,145576860,145576849
1449,145576920,145576923
1450,145576980,145576986
1451,145577040,145577040
1452,145577100,145577100
1453,145577160,145577157
1454,145577220,145577218
1455,145577280,145577291
1456,145577340,145577352
1457,145577400,145577383
1458,145577460,145577460
1459,145577520,145577506
1460,145577580,145577565
1461,145577640,145577643
1462,145577700,145577690
1463,145577760,145577727
1464,145577820,145577824
1465,145577880,145577890
1466,145577940,145577958
1467,145578000,145577995
1468,145578060,145578072
1469,145578120,145578092
1470,145578180,145578168
1471,145578240,145578243
1472,145578300,145578302
1473,145578360,145578371
1474,145578420,145578427
1475,145578480,145578478
1476,145578540,145578553
1477,145578600,145578604
1478,145578660,145578675
1479,145578720,145578710
1480,145578780,145578781
1481,145578840,145578834
1482,145578900,145578906
1483,145578960,145578956
1484,145579020,145579016
1485,145579080,145579065
1486,145579140,145579141
1487,145579200,145579209
1488,145579260,145579268
1489,145579320,145579288
1490,145579380,145579362
1491,145579440,145579458
1492,145579500,145579497
1493,145579560,145579557
1494,145579620,145579629
1495,145579680,145579680
1496,145579740,145579732
1497,145579800,145579796
1498,145579860,145579876
1499,145579920,145579905
1500,145579980,145579991
1501,145580040,145580035
1502,145580100,145580096
1503,145580160,145580176
1504,145580220,145580212
1505,145580280,145580286
1506,145580340,145580335
1507,145580400,145580384
1508,145580460,145580457
1509,145580520,145580529
1510,145580580,145580577
1511,145580640,145580643
1512,145580700,145580700
1513,145580760,145580759
1514,145580820,145580814
1515,145580880,145580880
1516,145580940,145580918
1517,145581000,145580994
1518,145581060,145581040
1519,145581120,145581120
1520,145581180,145581181
1521,145581240,145581231
1522,145581300,145581306
1523,145581360,145581361
1524,145581420,145581420
1525,145581480,145581475
1526,145581540,145581542
1527,145581600,145581608
1528,145581660,145581652
1529,145581720,145581710
1530,145581780,145581789
1531,145581840,145581815
1532,145581900,145581872
1533,145581960,145581940
1534,145582020,145582020
1535,145582080,145582080
1536,145582140,145582142
1537,145582200,145582199
1538,145582260,145582273
1539,145582320,145582333
1540,145582380,145582389
1541,145582440,145582427
1542,145582500,145582501
1543,145582560,145582550
1544,145582620,145582613
1545,145582680,145582668
1546,145582740,145582739
1547,145582800,145582803
1548,145582860,145582859
1549,145582920,145582907
1550,145582980,145582963
1551,145583040,145583031
1552,145583100,145583091
1553,145583160,145583165
1554,145583220,145583215
1555,145583280,145583277
1556,145583340,145583337
1557,145583400,145583408
1558,145583460,145583474
1559,145583520,145583522
1560,145583580,145583576
1561,145583640,145583652
1562,145583700,145583702
1563,145583760,145583754
1564,145583820,145583828
1565,145583880,145583880
1566,145583940,145583924
1567,145584000,145584004
1568,145584060,145584060
1569,145584120,145584100
1570,145584180,145584157
1571,145584240,145584240
1572,145584300,145584304
1573,145584360,145584364
1574,145584420,145584405
1575,145584480,145584475
1576,145584540,145584544
1577,145584600,145584583
1578,145584660,145584659
1579,145584720,145584720
1580,145584780,145584787
1581,145584840,145584814
1582,145584900,145584900
1583,145584960,145584978
1584,145585020,145585012
1585,145585080,145585075
1586,145585140,145585147
1587,145585200,145585191
1588,145585260,145585269
1589,145585320,145585323
1590,145585380,145585363
1591,145585440,145585440
1592,145585500,145585484
1593,145585560,145585567
1594,145585620,145585602
1595,145585680,145585660
1596,145585740,145585727
1597,145585800,145585790
1598,145585860,145585871
1599,145585920,145585918
1600,145585980,145585980
1601,145586040,145586048
1602,145586100,145586092
1603,145586160,145586153
1604,145586220,145586210
1605,145586280,145586285
1606,145586340,145586354
1607,145586400,145586400
1608,145586460,145586452
1609,145586520,145586513
1610,145586580,145586567
1611,145586640,145586645
1612,145586700,145586688
1613,145586760,145586756
1614,145586820,145586807
1615,145586880,145586860
1616,145586940,145586913
1617,145587000,145586990
1618,145587060,145587060
1619,145587120,145587115
1620,145587180,145587176
1621,145587240,145587228
1622,145587300,145587289
1623,145587360,145587348
1624,145587420,145587420
1625,145587480,145587498
1626,145587540,145587537
1627,145587600,145587585
1628,145587660,145587670
1629,145587720,145587709
1630,145587780,145587783
1631,145587840,145587834
1632,145587900,145587899
1633,145587960,145587992
1634,145588020,145588011
1635,145588080,145588073
1636,145588140,145588141
1637,145588200,145588198
1638,145588260,145588254
1639,145588320,145588312
1640,145588380,145588383
1641,145588440,145588448
1642,145588500,145588489
1643,145588560,145588547
1644,145588620,145588636
1645,145588680,145588664
1646,145588740,145588745
1647,145588800,145588802
1648,145588860,145588847
1649,145588920,145588925
1650,145588980,145588967
1651,145589040,145589028
1652,145589100,145589085
1653,145589160,145589166
1654,145589220,145589214
1655,145589280,145589288
1656,145589340,145589330
1657,145589400,145589404
1658,145589460,145589472
1659,145589520,145589518
1660,145589580,145589567
1661,145589640,145589635
1662,145589700,145589710
1663,145589760,145589765
1664,145589820,145589815
1665,145589880,145589861
1666,145589940,145589945
1667,145590000,145590014
1668,145590060,145590074
1669,145590120,145590122
1670,145590180,145590177
1671,145590240,145590231
1672,145590300,145590293
1673,145590360,145590342
1674,145590420,145590439
1675,145590480,145590478
1676,145590540,145590561
1677,145590600,145590598
1678,145590660,145590642
1679,145590720,145590736
1680,145590780,145590770
1681,145590840,145590834
1682,145590900,145590914
1683,145590960,145590972
1684,145591020,145590998
1685,145591080,145591079
1686,145591140,145591128
1687,145591200,145591203
1688,145591260,145591276
1689,145591320,145591313
1690,145591380,145591392
1691,145591440,145591429
1692,145591500,145591519
1693,145591560,145591550
1694,145591620,145591614
1695,145591680,145591680
1696,145591740,145591724
1697,145591800,145591813
1698,145591860,145591848
1699,145591920,145591924
1700,145591980,145591966
1701,145592040,145592040
1702,145592100,145592098
1703,145592160,145592155
1704,145592220,145592222
1705,145592280,145592267
1706,145592340,145592353
1707,145592400,145592400
1708,145592460,145592431
1709,145592520,145592538
1710,145592580,145592582
1711,145592640,145592653
1712,145592700,145592697
1713,145592760,145592736
1714,145592820,145592814
1715,145592880,145592866
1716,145592940,145592938
1717,145593000,145592994
1718,145593060,145593060
1719,145593120,145593101
1720,145593180,145593179
1721,145593240,145593234
1722,145593300,145593304
1723,145593360,145593342
1724,145593420,145593414
1725,145593480,145593494
1726,145593540,145593527
1727,145593600,145593605
1728,145593660,145593671
1729,145593720,145593718
1730,145593780,145593787
1731,145593840,145593848
1732,145593900,145593913
1733,145593960,145593955
1734,145594020,145594017
1735,145594080,145594086
1736,145594140,145594131
1737,145594200,145594199
1738,145594260,145594252
1739,145594320,145594295
1740,145594380,145594381
1741,145594440,145594455
1742,145594500,145594495
1743,145594560,145594559
1744,145594620,145594614
1745,145594680,145594671
1746,145594740,145594740
1747,145594800,145594808
1748,145594860,145594880
1749,145594920,145594926
1750,145594980,145594969
1751,145595040,145595024
1752,145595100,145595111
1753,145595160,145595161
1754,145595220,145595212
1755,145595280,145595268
1756,145595340,145595330
1757,145595400,145595410
1758,145595460,145595458
1759,145595520,145595504
1760,145595580,145595586
1761,145595640,145595641
1762,145595700,145595696
1763,145595760,145595764
1764,145595820,145595810
1765,145595880,145595887
1766,145595940,145595924
1767,145596000,145595989
1768,145596060,145596045
1769,145596120,145596114
1770,145596180,145596171
1771,145596240,145596235
1772,145596300,145596299
1773,145596360,145596363
1774,145596420,145596420
1775,145596480,145596480
1776,145596540,145596554
1777,145596600,145596596
1778,145596660,145596644
1779,145596720,145596727
1780,145596780,145596796
1781,145596840,145596840
1782,145596900,145596906
1783,145596960,145596952
1784,145597020,145597020
1785,145597080,145597084
1786,145597140,145597141
1787,145597200,145597193
1788,145597260,145597274
1789,145597320,145597320
1790,145597380,145597387
1791,145597440,145597442
1792,145597500,145597506
1793,145597560,145597567
1794,145597620,145597616
1795,145597680,145597686
1796,145597740,145597759
1797,145597800,145597817
1798,145597860,145597865
1799,145597920,145597934
1800,145597980,145597965
1801,145598040,145598052
1802,145598100,145598099
1803,145598160,145598141
1804,145598220,145598220
1805,145598280,145598287
1806,145598340,145598332
1807,145598400,145598417
1808,145598460,145598471
1809,145598520,145598506
1810,145598580,145598588
1811,145598640,145598640
1812,145598700,145598693
1813,145598760,145598755
1814,145598820,145598814
1815,145598880,145598866
1816,145598940,145598934
1817,145599000,145599004
1818,145599060,145599072
1819,145599120,145599132
1820,145599180,145599173
1821,145599240,145599237
1822,145599300,145599290
1823,145599360,145599368
1824,145599420,145599402
1825,145599480,145599465
1826,145599540,145599532
1827,145599600,145599600
1828,145599660,145599655
1829,145599720,145599719
1830,145599780,145599779
1831,145599840,145599840
1832,145599900,145599888
1833,145599960,145599955
1834,145600020,145600023
1835,145600080,145600080
1836,145600140,145600148
1837,145600200,145600191
1838,145600260,145600267
1839,145600320,145600332
1840,145600380,145600377
1841,145600440,145600440
1842,145600500,145600500
1843,145600560,145600563
1844,145600620,145600621
1845,145600680,145600692
1846,145600740,145600743
1847,145600800,145600806
1848,145600860,145600861
1849,145600920,145600908
1850,145600980,145600982
1851,145601040,145601036
1852,145601100,145601092
1853,145601160,145601150
1854,145601220,145601218
1855,145601280,145601272
1856,145601340,145601358
1857,145601400,145601413
1858,145601460,145601456
1859,145601520,145601525
1860,145601580,145601589
1861,145601640,145601637
1862,145601700,145601716
1863,145601760,145601767
1864,145601820,145601817
1865,145601880,145601861
1866,145601940,145601929
1867,145602000,145602001
1868,145602060,145602054
1869,145602120,145602118
1870,145602180,145602171
1871,145602240,145602240
1872,145602300,145602294
1873,145602360,145602343
1874,145602420,145602415
1875,145602480,145602473
1876,145602540,145602523
1877,145602600,145602612
1878,145602660,145602658
1879,145602720,145602715
1880,145602780,145602785
1881,145602840,145602838
1882,145602900,145602905
1883,145602960,145602944
1884,145603020,145603008
1885,145603080,145603083
1886,145603140,145603152
1887,145603200,145603199
1888,145603260,145603260
1889,145603320,145603310
1890,145603380,145603378
1891,145603440,145603431
1892,145603500,145603497
1893,145603560,145603565
1894,145603620,145603599
1895,145603680,145603680
1896,145603740,145603730
1897,145603800,145603792
1898,145603860,145603869
1899,145603920,145603920
1900,145603980,145603987
1901,145604040,145604021
1902,145604100,145604094
1903,145604160,145604154
1904,145604220,145604213
1905,145604280,145604282
1906,145604340,145604346
1907,145604400,145604387
1908,145604460,145604449
1909,145604520,145604506
1910,145604580,145604589
1911,145604640,145604633
1912,145604700,145604697
1913,145604760,145604755
1914,145604820,145604809
1915,145604880,145604881
1916,145604940,145604941
1917,145605000,145605007
1918,145605060,145605056
1919,145605120,145605116
1920,145605180,145605173
1921,145605240,145605252
1922,145605300,145605308
1923,145605360,145605358
1924,145605420,145605424
1925,145605480,145605473
1926,145605540,145605558
1927,145605600,145605593
1928,145605660,145605655
1929,145605720,145605715
1930,145605780,145605795
1931,145605840,145605840
1932,145605900,145605908
1933,145605960,145605957
1934,145606020,145606006
1935,145606080,145606085
1936,145606140,145606132
1937,145606200,145606185
1938,145606260,145606254
1939,145606320,145606324
1940,145606380,145606395
1941,145606440,145606425
1942,145606500,145606477
1943,145606560,145606567
1944,145606620,145606621
1945,145606680,145606673
1946,145606740,145606742
1947,145606800,145606805
1948,145606860,145606877
1949,145606920,145606917
1950,145606980,145606990
1951,145607040,145607034
1952,145607100,145607093
1953,145607160,145607162
1954,145607220,145607207
1955,145607280,145607265
1956,145607340,145607347
1957,145607400,145607379
1958,145607460,145607460
1959,145607520,145607515
1960,145607580,145607575
1961,145607640,145607625
1962,145607700,145607678
1963,145607760,145607752
1964,145607820,145607807
1965,145607880,145607874
1966,145607940,145607939
1967,145608000,145607991
1968,145608060,145608048
1969,145608120,145608120
1970,145608180,145608171
1971,145608240,145608229
1972,145608300,145608296
1973,145608360,145608360
1974,145608420,145608439
1975,145608480,145608494
1976,145608540,145608526
1977,145608600,145608585
1978,145608660,145608659
1979,145608720,145608723
1980,145608780,145608777
1981,145608840,145608859
1982,145608900,145608909
1983,145608960,145608974
1984,145609020,145609014
1985,145609080,145609070
1986,145609140,145609128
1987,145609200,145609197
1988,145609260,145609246
1989,145609320,145609312
1990,145609380,145609374
1991,145609440,145609447
1992,145609500,145609494
1993,145609560,145609544
1994,145609620,145609614
1995,145609680,145609680
1996,145609740,145609743
1997,145609800,145609789
1998,145609860,145609864
1999,145609920,145609931
2000,145609980,145609982
2001,145610040,145610040
2002,145610100,145610094
2003,145610160,145610152
2004,145610220,145610198
2005,145610280,145610284
2006,145610340,145610335
2007,145610400,145610400
2008,145610460,145610463
2009,145610520,145610511
2010,145610580,145610588
2011,145610640,145610640
2012,145610700,145610712
2013,145610760,145610760
2014,145610820,145610821
2015,145610880,145610876
2016,145610940,145610952
2017,145611000,145610977
2018,145611060,145611053
2019,145611120,145611115
2020,145611180,145611163
2021,145611240,145611231
2022,145611300,145611277
2023,145611360,145611360
2024,145611420,145611404
2025,145611480,145611481
2026,145611540,145611536
2027,145611600,145611590
2028,145611660,145611643
2029,145611720,145611712
2030,145611780,145611781
2031,145611840,145611837
2032,145611900,145611904
2033,145611960,145611951
2034,145612020,145612034
2035,145612080,145612076
2036,145612140,145612130
2037,145612200,145612211
2038,145612260,145612271
2039,145612320,145612318
2040,145612380,145612374
2041,145612440,145612447
2042,145612500,145612490
2043,145612560,145612567
2044,145612620,145612605
2045,145612680,145612678
2046,145612740,145612739
2047,145612800,145612810
2048,145612860,145612840
2049,145612920,145612920
2050,145612980,145612977
2051,145613040,145613039
2052,145613100,145613090
2053,145613160,145613145
2054,145613220,145613214
2055,145613280,145613276
2056,145613340,145613352
2057,145613400,145613400
2058,145613460,145613458
2059,145613520,145613524
2060,145613580,145613562
2061,145613640,145613645
2062,145613700,145613707
2063,145613760,145613767
2064,145613820,145613815
2065,145613880,145613866
2066,145613940,145613929
2067,145614000,145614000
2068,145614060,145614063
2069,145614120,145614130
2070,145614180,145614193
2071,145614240,145614246
2072,145614300,145614299
2073,145614360,145614360
2074,145614420,145614416
2075,145614480,145614488
2076,145614540,145614543
2077,145614600,145614600
2078,145614660,145614646
2079,145614720,145614728
2080,145614780,145614763
2081,145614840,145614850
2082,145614900,145614907
2083,145614960,145614943
2084,145615020,145615018
2085,145615080,145615066
2086,145615140,145615137
2087,145615200,145615203
2088,145615260,145615257
2089,145615320,145615305
2090,145615380,145615380
2091,145615440,145615440
2092,145615500,145615498
2093,145615560,145615548
2094,145615620,145615615
2095,145615680,145615680
2096,145615740,145615737
2097,145615800,145615819
2098,145615860,145615860
2099,145615920,145615916
2100,145615980,145615982
2101,145616040,145616027
2102,145616100,145616102
2103,145616160,145616174
2104,145616220,145616210
2105,145616280,145616280
2106,145616340,145616345
2107,145616400,145616382
2108,145616460,145616474
2109,145616520,145616508
2110,145616580,145616575
2111,145616640,145616641
2112,145616700,145616696
2113,145616760,145616766
2114,145616820,145616820
2115,145616880,145616883
2116,145616940,145616939
2117,145617000,145617012
2118,145617060,145617038
2119,145617120,145617121
2120,145617180,145617175
2121,145617240,145617229
2122,145617300,145617290
2123,145617360,145617353
2124,145617420,145617423
2125,145617480,145617470
2126,145617540,145617537
2127,145617600,145617600
2128,145617660,145617647
2129,145617720,145617729
2130,145617780,145617802
2131,145617840,145617832
2132,145617900,145617907
2133,145617960,145617955
2134,145618020,145618023
2135,145618080,145618077
2136,145618140,145618160
2137,145618200,145618195
2138,145618260,145618265
2139,145618320,145618324
2140,145618380,145618368
2141,145618440,145618417
2142,145618500,145618503
2143,145618560,145618566
2144,145618620,145618613
2145,145618680,145618672
2146,145618740,145618747
2147,145618800,145618806
2148,145618860,145618867
2149,145618920,145618920
2150,145618980,145618971
2151,145619040,145619026
2152,145619100,145619079
2153,145619160,145619158
2154,145619220,145619237
2155,145619280,145619282
2156,145619340,145619338
2157,145619400,145619383
2158,145619460,145619452
2159,145619520,145619519
2160,145619580,145619576
2161,145619640,145619647
2162,145619700,145619697
2163,145619760,145619764
2164,145619820,145619817
2165,145619880,145619877
2166,145619940,145619950
2167,145620000,145619991
2168,145620060,145620056
2169,145620120,145620106
2170,145620180,145620179
2171,145620240,145620248
2172,145620300,145620304
2173,145620360,145620365
2174,145620420,145620428
2175,145620480,145620484
2176,145620540,145620545
2177,145620600,145620602
2178,145620660,145620649
2179,145620720,145620723
2180,145620780,145620787
2181,145620840,145620830
2182,145620900,145620900
2183,145620960,145620968
2184,145621020,145621015
2185,145621080,145621065
2186,145621140,145621139
2187,145621200,145621213
2188,145621260,145621249
2189,145621320,145621317
2190,145621380,145621371
2191,145621440,145621435
2192,145621500,145621500
2193,145621560,145621572
2194,145621620,145621611
2195,145621680,145621671
2196,145621740,145621730
2197,145621800,145621788
2198,145621860,145621843
2199,145621920,145621910
2200,145621980,145621977
2201,145622040,145622039
2202,145622100,145622109
2203,145622160,145622150
2204,145622220,145622211
2205,145622280,145622271
2206,145622340,145622340
2207,145622400,145622397
2208,145622460,145622465
2209,145622520,145622511
2210,145622580,145622587
2211,145622640,145622647
2212,145622700,145622696
2213,145622760,145622752
2214,145622820,145622820
2215,145622880,145622871
2216,145622940,145622957
2217,145623000,145623000
2218,145623060,145623065
2219,145623120,145623106
2220,145623180,145623161
2221,145623240,145623244
2222,145623300,145623303
2223,145623360,145623351
2224,145623420,145623413
2225,145623480,145623472
2226,145623540,145623540
2227,145623600,145623607
2228,145623660,145623643
2229,145623720,145623722
2230,145623780,145623770
2231,145623840,145623833
2232,145623900,145623897
2233,145623960,145623945
2234,145624020,145624046
2235,145624080,145624102
2236,145624140,145624145
2237,145624200,145624204
2238,145624260,145624248
2239,145624320,145624341
2240,145624380,145624379
2241,145624440,145624437
2242,145624500,145624510
2243,145624560,145624560
2244,145624620,145624611
2245,145624680,145624676
2246,145624740,145624735
2247,145624800,145624799
2248,145624860,145624863
2249,145624920,145624923
2250,145624980,145624991
2251,145625040,145625038
2252,145625100,145625107
2253,145625160,145625175
2254,145625220,145625206
2255,145625280,145625285
2256,145625340,145625328
2257,145625400,145625383
2258,145625460,145625473
2259,145625520,145625529
2260,145625580,145625583
2261,145625640,145625634
2262,145625700,145625713
2263,145625760,145625745
2264,145625820,145625819
2265,145625880,145625882
2266,145625940,145625950
2267,145626000,145625983
2268,145626060,145626028
2269,145626120,145626120
2270,145626180,145626181
2271,145626240,145626240
2272,145626300,145626290
2273,145626360,145626358
2274,145626420,145626403
2275,145626480,145626482
2276,145626540,145626546
2277,145626600,145626591
2278,145626660,145626638
2279,145626720,145626717
2280,145626780,145626777
2281,145626840,145626838
2282,145626900,145626911
2283,145626960,145626960
2284,145627020,145627038
2285,145627080,145627081
2286,145627140,145627128
2287,145627200,145627209
2288,145627260,145627258
2289,145627320,145627314
2290,145627380,145627380
2291,145627440,145627440
2292,145627500,145627483
2293,145627560,145627550
2294,145627620,145627629
2295,145627680,145627680
2296,145627740,145627744
2297,145627800,145627808
2298,145627860,145627875
2299,145627920,145627912
2300,145627980,145627971
2301,145628040,145628029
2302,145628100,145628092
2303,145628160,145628149
2304,145628220,145628218
2305,145628280,145628277
2306,145628340,145628343
2307,145628400,145628387
2308,145628460,145628452
2309,145628520,145628521
2310,145628580,145628584
2311,145628640,145628615
2312,145628700,145628692
2313,145628760,145628756
2314,145628820,145628798
2315,145628880,145628882
2316,145628940,145628950
2317,145629000,145628979
2318,145629060,145629043
2319,145629120,145629127
2320,145629180,145629189
2321,145629240,145629226
2322,145629300,145629289
2323,145629360,145629364
2324,145629420,145629416
2325,145629480,145629473
2326,145629540,145629553
2327,145629600,145629600
2328,145629660,145629640
2329,145629720,145629720
2330,145629780,145629764
2331,145629840,145629845
2332,145629900,145629907
2333,145629960,145629962
2334,145630020,145630027
2335,145630080,145630097
2336,145630140,145630145
2337,145630200,145630195
2338,145630260,145630248
2339,145630320,145630320
2340,145630380,145630368
2341,145630440,145630424
2342,145630500,145630494
2343,145630560,145630541
2344,145630620,145630605
2345,145630680,145630683
2346,145630740,145630734
2347,145630800,145630795
2348,145630860,145630858
2349,145630920,145630899
2350,145630980,145630980
2351,145631040,145631038
2352,145631100,145631098
2353,145631160,145631161
2354,145631220,145631197
2355,145631280,145631297
2356,145631340,145631335
2357,145631400,145631384
2358,145631460,145631460
2359,145631520,145631506
2360,145631580,145631579
2361,145631640,145631643
2362,145631700,145631685
2363,145631760,145631766
2364,145631820,145631820
2365,145631880,145631881
2366,145631940,145631942
2367,145632000,145632003
2368,145632060,145632069
2369,145632120,145632126
2370,145632180,145632182
2371,145632240,145632231
2372,145632300,145632300
2373,145632360,145632353
2374,145632420,145632404
2375,145632480,145632478
2376,145632540,145632529
2377,145632600,145632609
2378,145632660,145632658
2379,145632720,145632719
2380,145632780,145632785
2381,145632840,145632834
2382,145632900,145632896
2383,145632960,145632969
2384,145633020,145633005
2385,145633080,145633070
2386,145633140,145633137
2387,145633200,145633205
2388,145633260,145633260
2389,145633320,145633307
2390,145633380,145633369
2391,145633440,145633454
2392,145633500,145633501
2393,145633560,145633552
2394,145633620,145633614
2395,145633680,145633715
2396,145633740,145633751
2397,145633800,145633782
2398,145633860,145633854
2399,145633920,145633925
2400,145633980,145633976
2401,145634040,145634049
2402,145634100,145634115
2403,145634160,145634159
2404,145634220,145634220
2405,145634280,145634277
2406,145634340,145634346
2407,145634400,145634412
2408,145634460,145634467
2409,145634520,145634508
2410,145634580,145634585
2411,145634640,145634633
2412,145634700,145634715
2413,145634760,145634762
2414,145634820,145634828
2415,145634880,145634878
2416,145634940,145634938
2417,145635000,145635002
2418,145635060,145635058
2419,145635120,145635133
2420,145635180,145635167
2421,145635240,145635244
2422,145635300,145635293
2423,145635360,145635366
2424,145635420,145635401
2425,145635480,145635490
2426,145635540,145635535
2427,145635600,145635586
2428,145635660,145635665
2429,145635720,145635717
2430,145635780,145635780
2431,145635840,145635850
2432,145635900,145635888
2433,145635960,145635951
2434,145636020,145636019
2435,145636080,145636083
2436,145636140,145636131
2437,145636200,145636191
2438,145636260,145636265
2439,145636320,145636327
2440,145636380,145636391
2441,145636440,145636436
2442,145636500,145636473
2443,145636560,145636563
2444,145636620,145636625
2445,145636680,145636664
2446,145636740,145636739
2447,145636800,145636800
2448,145636860,145636861
2449,145636920,145636914
2450,145636980,145636979
2451,145637040,145637044
2452,145637100,145637081
2453,145637160,145637167
2454,145637220,145637215
2455,145637280,145637285
2456,145637340,145637331
2457,145637400,145637381
2458,145637460,145637469
2459,145637520,145637534
2460,145637580,145637560
2461,145637640,145637626
2462,145637700,145637699
2463,145637760,145637748
2464,145637820,145637825
2465,145637880,145637871
2466,145637940,145637933
2467,145638000,145638000
2468,145638060,145638037
2469,145638120,145638115
2470,145638180,145638198
2471,145638240,145638243
2472,145638300,145638289
2473,145638360,145638368
2474,145638420,145638438
2475,145638480,145638490
2476,145638540,145638533
2477,145638600,145638592
2478,145638660,145638655
2479,145638720,145638708
2480,145638780,145638779
2481,145638840,145638828
2482,145638900,145638890
2483,145638960,145638961
2484,145639020,145639013
2485,145639080,145639076
2486,145639140,145639159
2487,145639200,145639201
2488,145639260,145639269
2489,145639320,145639322
2490,145639380,145639384
2491,145639440,145639425
2492,145639500,145639493
2493,145639560,145639556
2494,145639620,145639614
2495,145639680,145639676
2496,145639740,145639740
2497,145639800,145639796
2498,145639860,145639864
2499,145639920,145639916
2500,145639980,145639988
2501,145640040,145640038
2502,145640100,145640093
2503,145640160,145640146
2504,145640220,145640211
2505,145640280,145640276
2506,145640340,145640350
2507,145640400,145640386
2508,145640460,145640468
2509,145640520,145640518
2510,145640580,145640570
2511,145640640,145640625
2512,145640700,145640703
2513,145640760,145640739
2514,145640820,145640814
2515,145640880,145640874
2516,145640940,145640937
2517,145641000,145641003
2518,145641060,145641052
2519,145641120,145641120
2520,145641180,145641166
2521,145641240,145641239
2522,145641300,145641304
2523,145641360,145641355
2524,145641420,145641421
2525,145641480,145641480
2526,145641540,145641535
2527,145641600,145641598
2528,145641660,145641657
2529,145641720,145641699
2530,145641780,145641764
2531,145641840,145641842
2532,145641900,145641878
2533,145641960,145641969
2534,145642020,145642004
2535,145642080,145642079
2536,145642140,145642142
2537,145642200,145642192
2538,145642260,145642269
2539,145642320,145642305
2540,145642380,145642387
2541,145642440,145642440
2542,145642500,145642497
2543,145642560,145642568
2544,145642620,145642623
2545,145642680,145642666
2546,145642740,145642752
2547,145642800,145642808
2548,145642860,145642860
2549,145642920,145642920
2550,145642980,145642991
2551,145643040,145643054
2552,145643100,145643104
2553,145643160,145643147
2554,145643220,145643220
2555,145643280,145643286
2556,145643340,145643330
2557,145643400,145643386
2558,145643460,145643459
2559,145643520,145643520
2560,145643580,145643581
2561,145643640,145643650
2562,145643700,145643677
2563,145643760,145643759
2564,145643820,145643816
2565,145643880,145643879
2566,145643940,145643940
2567,145644000,145644008
2568,145644060,145644063
2569,145644120,145644118
2570,145644180,145644179
2571,145644240,145644240
2572,145644300,145644297
2573,145644360,145644371
2574,145644420,145644399
2575,145644480,145644464
2576,145644540,145644553
2577,145644600,145644603
2578,145644660,145644664
2579,145644720,145644729
2580,145644780,145644758
2581,145644840,145644852
2582,145644900,145644887
2583,145644960,145644949
2584,145645020,145645028
2585,145645080,145645067
2586,145645140,145645143
2587,145645200,145645212
2588,145645260,145645252
2589,145645320,145645313
2590,145645380,145645384
2591,145645440,145645446
2592,145645500,145645501
2593,145645560,145645543
2594,145645620,145645634
2595,145645680,145645684
2596,145645740,145645715
2597,145645800,145645790
2598,145645860,145645848
2599,145645920,145645911
2600,145645980,145645980
2601,145646040,145646031
2602,145646100,145646110
2603,145646160,145646169
2604,145646220,145646219
2605,145646280,145646268
2606,145646340,145646338
2607,145646400,145646402
2608,145646460,145646469
2609,145646520,145646514
2610,145646580,145646579
2611,145646640,145646629
2612,145646700,145646694
2613,145646760,145646769
2614,145646820,145646833
2615,145646880,145646875
2616,145646940,145646936
2617,145647000,145646991
2618,145647060,145647043
2619,145647120,145647121
2620,145647180,145647182
2621,145647240,145647244
2622,145647300,145647299
2623,145647360,145647363
2624,145647420,145647420
2625,145647480,145647490
2626,145647540,145647541
2627,145647600,145647612
2628,145647660,145647668
2629,145647720,145647721
2630,145647780,145647766
2631,145647840,145647843
2632,145647900,145647901
2633,145647960,145647977
2634,145648020,145648025
2635,145648080,145648067
2636,145648140,145648131
2637,145648200,145648207
2638,145648260,145648257
2639,145648320,145648306
2640,145648380,145648382
2641,145648440,145648442
2642,145648500,145648497
2643,145648560,145648566
2644,145648620,145648617
2645,145648680,145648696
2646,145648740,145648728
2647,145648800,145648807
2648,145648860,145648867
2649,145648920,145648930
2650,145648980,145648977
2651,145649040,145649034
2652,145649100,145649115
2653,145649160,145649163
2654,145649220,145649213
2655,145649280,145649286
2656,145649340,145649353
2657,145649400,145649404
2658,145649460,145649451
2659,145649520,145649527
2660,145649580,145649563
2661,145649640,145649645
2662,145649700,145649707
2663,145649760,145649756
2664,145649820,145649820
2665,145649880,145649880
2666,145649940,145649933
2667,145650000,145649990
2668,145650060,145650056
2669,145650120,145650112
2670,145650180,145650193
2671,145650240,145650225
2672,145650300,145650315
2673,145650360,145650356
2674,145650420,145650411
2675,145650480,145650473
2676,145650540,145650528
2677,145650600,145650578
2678,145650660,145650666
2679,145650720,145650717
2680,145650780,145650770
2681,145650840,145650825
2682,145650900,145650893
2683,145650960,145650946
2684,145651020,145651030
2685,145651080,145651060
2686,145651140,145651129
2687,145651200,145651190
2688,145651260,145651262
2689,145651320,145651320
2690,145651380,145651377
2691,145651440,145651437
2692,145651500,145651501
2693,145651560,145651551
2694,145651620,145651622
2695,145651680,145651665
2696,145651740,145651743
2697,145651800,145651793
2698,145651860,145651869
2699,145651920,145651906
2700,145651980,145651974
2701,145652040,145652030
2702,145652100,145652107
2703,145652160,145652144
2704,145652220,145652226
2705,145652280,145652282
2706,145652340,145652343
2707,145652400,145652392
2708,145652460,145652462
2709,145652520,145652535
2710,145652580,145652572
2711,145652640,145652640
2712,145652700,145652696
2713,145652760,145652747
2714,145652820,145652810
2715,145652880,145652883
2716,145652940,145652938
2717,145653000,145652974
2718,145653060,145653063
2719,145653120,145653115
2720,145653180,145653187
2721,145653240,145653232
2722,145653300,145653321
2723,145653360,145653349
2724,145653420,145653425
2725,145653480,145653468
2726,145653540,145653540
2727,145653600,145653587
2728,145653660,145653670
2729,145653720,145653718
2730,145653780,145653792
2731,145653840,145653838
2732,145653900,145653882
2733,145653960,145653950
2734,145654020,145654015
2735,145654080,145654091
2736,145654140,145654165
2737,145654200,145654197
2738,145654260,145654261
2739,145654320,145654330
2740,145654380,145654367
2741,145654440,145654435
2742,145654500,145654504
2743,145654560,145654561
2744,145654620,145654618
2745,145654680,145654669
2746,145654740,145654740
2747,145654800,145654805
2748,145654860,145654851
2749,145654920,145654919
2750,145654980,145654998
2751,145655040,145655042
2752,145655100,145655103
2753,145655160,145655148
2754,145655220,145655213
2755,145655280,145655275
2756,145655340,145655330
2757,145655400,145655386
2758,145655460,145655443
2759,145655520,145655516
2760,145655580,145655586
2761,145655640,145655644
2762,145655700,145655704
2763,145655760,145655767
2764,145655820,145655810
2765,145655880,145655872
2766,145655940,145655936
2767,145656000,145655990
2768,145656060,145656060
2769,145656120,145656112
2770,145656180,145656189
2771,145656240,145656230
2772,145656300,145656303
2773,145656360,145656374
2774,145656420,145656406
2775,145656480,145656473
2776,145656540,145656531
2777,145656600,145656588
2778,145656660,145656660
2779,145656720,145656723
2780,145656780,145656771
2781,145656840,145656833
2782,145656900,145656900
2783,145656960,145656961
2784,145657020,145657007
2785,145657080,145657101
2786,145657140,145657136
2787,145657200,145657199
2788,145657260,145657252
2789,145657320,145657316
2790,145657380,145657369
2791,145657440,145657454
2792,145657500,145657480
2793,145657560,145657557
2794,145657620,145657624
2795,145657680,145657663
2796,145657740,145657742
2797,145657800,145657811
2798,145657860,145657860
2799,145657920,145657919
2800,145657980,145657978
2801,145658040,145658036
2802,145658100,145658103
2803,145658160,145658150
2804,145658220,145658221
2805,145658280,145658275
2806,145658340,145658333
2807,145658400,145658387
2808,145658460,145658464
2809,145658520,145658513
2810,145658580,145658588
2811,145658640,145658638
2812,145658700,145658698
2813,145658760,145658748
2814,145658820,145658808
2815,145658880,145658883
2816,145658940,145658938
2817,145659000,145658999
2818,145659060,145659064
2819,145659120,145659123
2820,145659180,145659175
2821,145659240,145659266
2822,145659300,145659329
2823,145659360,145659362
2824,145659420,145659404
2825,145659480,145659470
2826,145659540,145659543
2827,145659600,145659593
2828,145659660,145659658
2829,145659720,145659699
2830,145659780,145659782
2831,145659840,145659850
2832,145659900,145659886
2833,145659960,145659955
2834,145660020,145660015
2835,145660080,145660054
2836,145660140,145660134
2837,145660200,145660193
2838,145660260,145660245
2839,145660320,145660310
2840,145660380,145660380
2841,145660440,145660441
2842,145660500,145660501
2843,145660560,145660553
2844,145660620,145660610
2845,145660680,145660680
2846,145660740,145660735
2847,145660800,145660808
2848,145660860,145660869
2849,145660920,145660914
2850,145660980,145660962
2851,145661040,145661040
2852,145661100,145661092
2853,145661160,145661166
2854,145661220,145661225
2855,145661280,145661268
2856,145661340,145661348
2857,145661400,145661411
2858,145661460,145661461
2859,145661520,145661524
2860,145661580,145661573
2861,145661640,145661630
2862,145661700,145661710
2863,145661760,145661760
2864,145661820,145661818
2865,145661880,145661878
2866,145661940,145661945
2867,145662000,145661996
2868,145662060,145662054
2869,145662120,145662115
2870,145662180,145662177
2871,145662240,145662234
2872,145662300,145662299
2873,145662360,145662354
2874,145662420,145662414
2875,145662480,145662497
2876,145662540,145662539
2877,145662600,145662615
2878,145662660,145662648
2879,145662720,145662725
2880,145662780,145662779
2881,145662840,145662854
2882,145662900,145662894
2883,145662960,145662975
2884,145663020,145663013
2885,145663080,145663079
2886,145663140,145663127
2887,145663200,145663198
2888,145663260,145663256
2889,145663320,145663307
2890,145663380,145663360
2891,145663440,145663446
2892,145663500,145663502
2893,145663560,145663552
2894,145663620,145663617
2895,145663680,145663671
2896,145663740,145663737
2897,145663800,145663800
2898,145663860,145663861
2899,145663920,145663913
2900,145663980,145663976
2901,145664040,145664043
2902,145664100,145664092
2903,145664160,145664153
2904,145664220,145664219
2905,145664280,145664282
2906,145664340,145664334
2907,145664400,145664405
2908,145664460,145664458
2909,145664520,145664512
2910,145664580,145664579
2911,145664640,145664624
2912,145664700,145664680
2913,145664760,145664761
2914,145664820,145664801
2915,145664880,145664870
2916,145664940,145664947
2917,145665000,145665001
2918,145665060,145665050
2919,145665120,145665118
2920,145665180,145665164
2921,145665240,145665227
2922,145665300,145665297
2923,145665360,145665363
2924,145665420,145665418
2925,145665480,145665478
2926,145665540,145665532
2927,145665600,145665599
2928,145665660,145665665
2929,145665720,145665729
2930,145665780,145665781
2931,145665840,145665840
2932,145665900,145665901
2933,145665960,145665963
2934,145666020,145666014
2935,145666080,145666075
2936,145666140,145666132
2937,145666200,145666192
2938,145666260,145666276
2939,145666320,145666325
2940,145666380,145666372
2941,145666440,145666439
2942,145666500,145666501
2943,145666560,145666558
2944,145666620,145666609
2945,145666680,145666692
2946,145666740,145666727
2947,145666800,145666806
2948,145666860,145666859
2949,145666920,145666910
2950,145666980,145666977
2951,145667040,145667020
2952,145667100,145667100
2953,145667160,145667165
2954,145667220,145667213
2955,145667280,145667280
2956,145667340,145667314
2957,145667400,145667393
2958,145667460,145667445
2959,145667520,145667527
2960,145667580,145667580
2961,145667640,145667638
2962,145667700,145667697
2963,145667760,145667756
2964,145667820,145667825
2965,145667880,145667868
2966,145667940,145667947
2967,145668000,145668004
2968,145668060,145668068
2969,145668120,145668115
2970,145668180,145668188
2971,145668240,145668248
2972,145668300,145668302
2973,145668360,145668369
2974,145668420,145668414
2975,145668480,145668478
2976,145668540,145668551
2977,145668600,145668618
2978,145668660,145668642
2979,145668720,145668727
2980,145668780,145668766
2981,145668840,145668840
2982,145668900,145668893
2983,145668960,145668960
2984,145669020,145669016
2985,145669080,145669081
2986,145669140,145669144
2987,145669200,145669195
2988,145669260,145669264
2989,145669320,145669316
2990,145669380,145669384
2991,145669440,145669449
2992,145669500,145669500
2993,145669560,145669560
2994,145669620,145669600
2995,145669680,145669671
2996,145669740,145669732
2997,145669800,145669797
2998,145669860,145669844
2999,145669920,145669905
3000,145669980,145669978
3001,145670040,145670040
3002,145670100,145670107
3003,145670160,145670172
3004,145670220,145670223
3005,145670280,145670275
3006,145670340,145670344
3007,145670400,145670391
3008,145670460,145670460
3009,145670520,145670535
3010,145670580,145670592
3011,145670640,145670635
3012,145670700,145670707
3013,145670760,145670755
3014,145670820,145670812
3015,145670880,145670862
3016,145670940,145670943
3017,145671000,145671001
3018,145671060,145671067
3019,145671120,145671126
3020,145671180,145671176
3021,145671240,145671246
3022,145671300,145671316
3023,145671360,145671381
3024,145671420,145671425
3025,145671480,145671480
3026,145671540,145671541
3027,145671600,145671599
3028,145671660,145671653
3029,145671720,145671733
3030,145671780,145671785
3031,145671840,145671840
3032,145671900,145671912
3033,145671960,145671966
3034,145672020,145672006
3035,145672080,145672090
3036,145672140,145672134
3037,145672200,145672185
3038,145672260,145672260
3039,145672320,145672315
3040,145672380,145672371
3041,145672440,145672453
3042,145672500,145672499
3043,145672560,145672558
3044,145672620,145672616
3045,145672680,145672675
3046,145672740,145672740
3047,145672800,145672795
3048,145672860,145672890
3049,145672920,145672908
3050,145672980,145672980
3051,145673040,145673034
3052,145673100,145673091
3053,145673160,145673152
3054,145673220,145673219
3055,145673280,145673287
3056,145673340,145673349
3057,145673400,145673404
3058,145673460,145673454
3059,145673520,145673537
3060,145673580,145673595
3061,145673640,145673655
3062,145673700,145673694
3063,145673760,145673764
3064,145673820,145673825
3065,145673880,145673883
3066,145673940,145673943
3067,145674000,145674003
3068,145674060,145674055
3069,145674120,145674130
3070,145674180,145674191
3071,145674240,145674244
3072,145674300,145674299
3073,145674360,145674362
3074,145674420,145674430
3075,145674480,145674477
3076,145674540,145674544
3077,145674600,145674591
3078,145674660,145674661
3079,145674720,145674706
3080,145674780,145674767
3081,145674840,145674858
3082,145674900,145674900
3083,145674960,145674969
3084,145675020,145674992
3085,145675080,145675076
3086,145675140,145675137
3087,145675200,145675193
3088,145675260,145675260
3089,145675320,145675310
3090,145675380,145675390
3091,145675440,145675444
3092,145675500,145675487
3093,145675560,145675562
3094,145675620,145675621
3095,145675680,145675694
3096,145675740,145675748
3097,145675800,145675787
3098,145675860,145675851
3099,145675920,145675927
3100,145675980,145675965
3101,145676040,145676043
3102,145676100,145676092
3103,145676160,145676163
3104,145676220,145676223
3105,145676280,145676281
3106,145676340,145676331
3107,145676400,145676399
3108,145676460,145676470
3109,145676520,145676517
3110,145676580,145676582
3111,145676640,145676654
3112,145676700,145676717
3113,145676760,145676773
3114,145676820,145676820
3115,145676880,145676880
3116,145676940,145676937
3117,145677000,145676993
3118,145677060,145677057
3119,145677120,145677104
3120,145677180,145677183
3121,145677240,145677236
3122,145677300,145677309
3123,145677360,145677368
3124,145677420,145677431
3125,145677480,145677471
3126,145677540,145677536
3127,145677600,145677591
3128,145677660,145677643
3129,145677720,145677712
3130,145677780,145677771
3131,145677840,145677849
3132,145677900,145677871
3133,145677960,145677963
3134,145678020,145678016
3135,145678080,145678074
3136,145678140,145678135
3137,145678200,145678202
3138,145678260,145678258
3139,145678320,145678341
3140,145678380,145678380
3141,145678440,145678434
3142,145678500,145678493
3143,145678560,145678556
3144,145678620,145678633
3145,145678680,145678683
3146,145678740,145678751
3147,145678800,145678786
3148,145678860,145678854
3149,145678920,145678919
3150,145678980,145678976
3151,145679040,145679045
3152,145679100,145679108
3153,145679160,145679155
3154,145679220,145679190
3155,145679280,145679269
3156,145679340,145679326
3157,145679400,145679403
3158,145679460,145679478
3159,145679520,145679521
3160,145679580,145679596
3161,145679640,145679641
3162,145679700,145679709
3163,145679760,145679761
3164,145679820,145679825
3165,145679880,145679869
3166,145679940,145679935
3167,145680000,145680013
3168,145680060,145680067
3169,145680120,145680105
3170,145680180,145680188
3171,145680240,145680250
3172,145680300,145680296
3173,145680360,145680361
3174,145680420,145680413
3175,145680480,145680481
3176,145680540,145680540
3177,145680600,145680595
3178,145680660,145680658
3179,145680720,145680713
3180,145680780,145680784
3181,145680840,145680832
3182,145680900,145680901
3183,145680960,145680960
3184,145681020,145681011
3185,145681080,145681075
3186,145681140,145681141
3187,145681200,145681211
3188,145681260,145681252
3189,145681320,145681317
3190,145681380,145681377
3191,145681440,145681421
3192,145681500,145681497
3193,145681560,145681565
3194,145681620,145681625
3195,145681680,145681674
3196,145681740,145681743
3197,145681800,145681796
3198,145681860,145681861
3199,145681920,145681927
3200,145681980,145681972
3201,145682040,145682042
3202,145682100,145682082
3203,145682160,145682167
3204,145682220,145682203
3205,145682280,145682278
3206,145682340,145682337
3207,145682400,145682406
3208,145682460,145682475
3209,145682520,145682517
3210,145682580,145682579
3211,145682640,145682628
3212,145682700,145682703
3213,145682760,145682767
3214,145682820,145682829
3215,145682880,145682869
3216,145682940,145682930
3217,145683000,145683007
3218,145683060,145683067
3219,145683120,145683098
3220,145683180,145683170
3221,145683240,145683217
3222,145683300,145683297
3223,145683360,145683360
3224,145683420,145683421
3225,145683480,145683482
3226,145683540,145683544
3227,145683600,145683597
3228,145683660,145683643
3229,145683720,145683720
3230,145683780,145683785
3231,145683840,145683824
3232,145683900,145683889
3233,145683960,145683970
3234,145684020,145684034
3235,145684080,145684074
3236,145684140,145684125
3237,145684200,145684193
3238,145684260,145684250
3239,145684320,145684314
3240,145684380,145684386
3241,145684440,145684419
3242,145684500,145684478
3243,145684560,145684577
3244,145684620,145684610
3245,145684680,145684689
3246,145684740,145684720
3247,145684800,145684806
3248,145684860,145684844
3249,145684920,145684909
3250,145684980,145684965
3251,145685040,145685043
3252,145685100,145685088
3253,145685160,145685149
3254,145685220,145685224
3255,145685280,145685293
3256,145685340,145685342
3257,145685400,145685400
3258,145685460,145685465
3259,145685520,145685534
3260,145685580,145685576
3261,145685640,145685629
3262,145685700,145685716
3263,145685760,145685772
3264,145685820,145685806
3265,145685880,145685886
3266,145685940,145685942
3267,145686000,145685998
3268,145686060,145686047
3269,145686120,145686104
3270,145686180,145686173
3271,145686240,145686238
3272,145686300,145686314
3273,145686360,145686345
3274,145686420,145686428
3275,145686480,145686480
3276,145686540,145686546
3277,145686600,145686618
3278,145686660,145686654
3279,145686720,145686720
3280,145686780,145686762
3281,145686840,145686832
3282,145686900,145686913
3283,145686960,145686978
3284,145687020,145687020
3285,145687080,145687078
3286,145687140,145687142
3287,145687200,145687200
3288,145687260,145687280
3289,145687320,145687308
3290,145687380,145687362
3291,145687440,145687431
3292,145687500,145687485
3293,145687560,145687560
3294,145687620,145687619
3295,145687680,145687664
3296,145687740,145687738
3297,145687800,145687796
3298,145687860,145687860
3299,145687920,145687912
3300,145687980,145687974
3301,145688040,145688036
3302,145688100,145688111
3303,145688160,145688147
3304,145688220,145688213
3305,145688280,145688279
3306,145688340,145688338
3307,145688400,145688409
3308,145688460,145688455
3309,145688520,145688521
3310,145688580,145688579
3311,145688640,145688630
3312,145688700,145688695
3313,145688760,145688758
3314,145688820,145688811
3315,145688880,145688903
3316,145688940,145688940
3317,145689000,145689008
3318,145689060,145689074
3319,145689120,145689138
3320,145689180,145689160
3321,145689240,145689232
3322,145689300,145689284
3323,145689360,145689354
3324,145689420,145689415
3325,145689480,145689464
3326,145689540,145689549
3327,145689600,145689610
3328,145689660,145689651
3329,145689720,145689724
3330,145689780,145689786
3331,145689840,145689844
3332,145689900,145689885
3333,145689960,145689982
3334,145690020,145690038
3335,145690080,145690074
3336,145690140,145690134
3337,145690200,145690185
3338,145690260,145690264
3339,145690320,145690318
3340,145690380,145690382
3341,145690440,145690434
3342,145690500,145690486
3343,145690560,145690549
3344,145690620,145690612
3345,145690680,145690680
3346,145690740,145690736
3347,145690800,145690805
3348,145690860,145690864
3349,145690920,145690927
3350,145690980,145690980
3351,145691040,145691056
3352,145691100,145691119
3353,145691160,145691154
3354,145691220,145691208
3355,145691280,145691285
3356,145691340,145691343
3357,145691400,145691406
3358,145691460,145691454
3359,145691520,145691508
3360,145691580,145691577
3361,145691640,145691655
3362,145691700,145691696
3363,145691760,145691764
3364,145691820,145691813
3365,145691880,145691870
3366,145691940,145691930
3367,145692000,145691976
3368,145692060,145692052
3369,145692120,145692126
3370,145692180,145692179
3371,145692240,145692230
3372,145692300,145692298
3373,145692360,145692360
3374,145692420,145692426
3375,145692480,145692471
3376,145692540,145692538
3377,145692600,145692601
3378,145692660,145692668
3379,145692720,145692706
3380,145692780,145692775
3381,145692840,145692821
3382,145692900,145692890
3383,145692960,145692961
3384,145693020,145693035
3385,145693080,145693076
3386,145693140,145693134
3387,145693200,145693189
3388,145693260,145693245
3389,145693320,145693310
3390,145693380,145693384
3391,145693440,145693418
3392,145693500,145693496
3393,145693560,145693552
3394,145693620,145693608
3395,145693680,145693680
3396,145693740,145693731
3397,145693800,145693788
3398,145693860,145693853
3399,145693920,145693903
3400,145693980,145693962
3401,145694040,145694031
3402,145694100,145694087
3403,145694160,145694166
3404,145694220,145694218
3405,145694280,145694267
3406,145694340,145694337
3407,145694400,145694405
3408,145694460,145694463
3409,145694520,145694535
3410,145694580,145694570
3411,145694640,145694650
3412,145694700,145694695
3413,145694760,145694759
3414,145694820,145694810
3415,145694880,145694868
3416,145694940,145694956
3417,145695000,145695016
3418,145695060,145695060
3419,145695120,145695126
3420,145695180,145695180
3421,145695240,145695253
3422,145695300,145695281
3423,145695360,145695374
3424,145695420,145695402
3425,145695480,145695493
3426,145695540,145695559
3427,145695600,145695586
3428,145695660,145695651
3429,145695720,145695718
3430,145695780,145695786
3431,145695840,145695817
3432,145695900,145695897
3433,145695960,145695964
3434,145696020,145696025
3435,145696080,145696084
3436,145696140,145696134
3437,145696200,145696194
3438,145696260,145696253
3439,145696320,145696343
3440,145696380,145696368
3441,145696440,145696440
3442,145696500,145696495
3443,145696560,145696557
3444,145696620,145696621
3445,145696680,145696673
3446,145696740,145696739
3447,145696800,145696794
3448,145696860,145696865
3449,145696920,145696914
3450,145696980,145696979
3451,145697040,145697039
3452,145697100,145697116
3453,145697160,145697176
3454,145697220,145697207
3455,145697280,145697271
3456,145697340,145697324
3457,145697400,145697395
3458,145697460,145697457
3459,145697520,145697511
3460,145697580,145697581
3461,145697640,145697633
3462,145697700,145697698
3463,145697760,145697739
3464,145697820,145697824
3465,145697880,145697868
3466,145697940,145697934
3467,145698000,145698003
3468,145698060,145698044
3469,145698120,145698127
3470,145698180,145698180
3471,145698240,145698240
3472,145698300,145698284
3473,145698360,145698345
3474,145698420,145698419
3475,145698480,145698475
3476,145698540,145698532
3477,145698600,145698597
3478,145698660,145698649
3479,145698720,145698717
3480,145698780,145698783
3481,145698840,145698829
3482,145698900,145698890
3483,145698960,145698957
3484,145699020,145699013
3485,145699080,145699077
3486,145699140,145699139
3487,145699200,145699181
3488,145699260,145699273
3489,145699320,145699316
3490,145699380,145699379
3491,145699440,145699426
3492,145699500,145699495
3493,145699560,145699555
3494,145699620,145699608
3495,145699680,145699676
3496,145699740,145699723
3497,145699800,145699820
3498,145699860,145699860
3499,145699920,145699922
3500,145699980,145699980
3501,145700040,145700030
3502,145700100,145700099
3503,145700160,145700131
3504,145700220,145700208
3505,145700280,145700283
3506,145700340,145700335
3507,145700400,145700376
3508,145700460,145700444
3509,145700520,145700526
3510,145700580,145700560
3511,145700640,145700639
3512,145700700,145700680
3513,145700760,145700766
3514,145700820,145700822
3515,145700880,145700886
3516,145700940,145700935
3517,145701000,145701001
3518,145701060,145701060
3519,145701120,145701105
3520,145701180,145701179
3521,145701240,145701231
3522,145701300,145701286
3523,145701360,145701347
3524,145701420,145701428
3525,145701480,145701486
3526,145701540,145701535
3527,145701600,145701578
3528,145701660,145701663
3529,145701720,145701729
3530,145701780,145701784
3531,145701840,145701836
3532,145701900,145701884
3533,145701960,145701957
3534,145702020,145702009
3535,145702080,145702070
3536,145702140,145702138
3537,145702200,145702192
3538,145702260,145702259
3539,145702320,145702327
3540,145702380,145702363
3541,145702440,145702440
3542,145702500,145702501
3543,145702560,145702555
3544,145702620,145702598
3545,145702680,145702670
3546,145702740,145702760
3547,145702800,145702805
3548,145702860,145702846
3549,145702920,145702915
3550,145702980,145702974
3551,145703040,145703039
3552,145703100,145703100
3553,145703160,145703165
3554,145703220,145703220
3555,145703280,145703270
3556,145703340,145703346
3557,145703400,145703391
3558,145703460,145703463
3559,145703520,145703536
3560,145703580,145703580
3561,145703640,145703622
3562,145703700,145703704
3563,145703760,145703761
3564,145703820,145703808
3565,145703880,145703884
3566,145703940,145703939
3567,145704000,145703988
3568,145704060,145704060
3569,145704120,145704117
3570,145704180,145704160
3571,145704240,145704240
3572,145704300,145704282
3573,145704360,145704362
3574,145704420,145704404
3575,145704480,145704482
3576,145704540,145704539
3577,145704600,145704583
3578,145704660,145704662
3579,145704720,145704728
3580,145704780,145704763
3581,145704840,145704829
3582,145704900,145704887
3583,145704960,145704954
3584,145705020,145705031
3585,145705080,145705078
3586,145705140,145705150
3587,145705200,145705196
3588,145705260,145705269
3589,145705320,145705311
3590,145705380,145705373
3591,145705440,145705421
3592,145705500,145705505
3593,145705560,145705556
3594,145705620,145705613
3595,145705680,145705667
3596,145705740,145705743
3597,145705800,145705800
3598,145705860,145705848
3599,145705920,145705930
3600,145705980,145705978
3601,145706040,145706036
3602,145706100,145706115
3603,145706160,145706157
3604,145706220,145706216
3605,145706280,145706275
3606,145706340,145706359
3607,145706400,145706419
3608,145706460,145706467
3609,145706520,145706517
3610,145706580,145706572
3611,145706640,145706642
3612,145706700,145706699
3613,145706760,145706743
3614,145706820,145706829
3615,145706880,145706873
3616,145706940,145706944
3617,145707000,145706997
3618,145707060,145707058
3619,145707120,145707105
3620,145707180,145707170
3621,145707240,145707232
3622,145707300,145707298
3623,145707360,145707361
3624,145707420,145707416
3625,145707480,145707471
3626,145707540,145707548
3627,145707600,145707598
3628,145707660,145707662
3629,145707720,145707721
3630,145707780,145707770
3631,145707840,145707832
3632,145707900,145707906
3633,145707960,145707977
3634,145708020,145708022
3635,145708080,145708072
3636,145708140,145708150
3637,145708200,145708182
3638,145708260,145708250
3639,145708320,145708330
3640,145708380,145708374
3641,145708440,145708453
3642,145708500,145708481
3643,145708560,145708552
3644,145708620,145708621
3645,145708680,145708680
3646,145708740,145708740
3647,145708800,145708798
3648,145708860,145708852
3649,145708920,145708927
3650,145708980,145708972
3651,145709040,145709026
3652,145709100,145709097
3653,145709160,145709133
3654,145709220,145709226
3655,145709280,145709282
3656,145709340,145709338
3657,145709400,145709392
3658,145709460,145709440
3659,145709520,145709501
3660,145709580,145709584
3661,145709640,145709639
3662,145709700,145709701
3663,145709760,145709757
3664,145709820,145709821
3665,145709880,145709863
3666,145709940,145709944
3667,145710000,145710001
3668,145710060,145710066
3669,145710120,145710120
3670,145710180,145710168
3671,145710240,145710242
3672,145710300,145710287
3673,145710360,145710367
3674,145710420,145710421
3675,145710480,145710472
3676,145710540,145710541
3677,145710600,145710613
3678,145710660,145710649
3679,145710720,145710734
3680,145710780,145710779
3681,145710840,145710849
3682,145710900,145710900
3683,145710960,145710962
3684,145711020,145711035
3685,145711080,145711080
3686,145711140,145711137
3687,145711200,145711200
3688,145711260,145711268
3689,145711320,145711316
3690,145711380,145711369
3691,145711440,145711436
3692,145711500,145711503
3693,145711560,145711558
3694,145711620,145711622
3695,145711680,145711671
3696,145711740,145711751
3697,145711800,145711801
3698,145711860,145711861
3699,145711920,145711919
3700,145711980,145711984
3701,145712040,145712038
3702,145712100,145712097
3703,145712160,145712165
3704,145712220,145712215
3705,145712280,145712278
3706,145712340,145712325
3707,145712400,145712396
3708,145712460,145712446
3709,145712520,145712509
3710,145712580,145712572
3711,145712640,145712657
3712,145712700,145712709
3713,145712760,145712761
3714,145712820,145712821
3715,145712880,145712889
3716,145712940,145712918
3717,145713000,145712986
3718,145713060,145713058
3719,145713120,145713111
3720,145713180,145713166
3721,145713240,145713234
3722,145713300,145713304
3723,145713360,145713367
3724,145713420,145713418
3725,145713480,145713480
3726,145713540,145713544
3727,145713600,145713573
3728,145713660,145713664
3729,145713720,145713698
3730,145713780,145713781
3731,145713840,145713843
3732,145713900,145713903
3733,145713960,145713953
3734,145714020,145714023
3735,145714080,145714083
3736,145714140,145714147
3737,145714200,145714183
3738,145714260,145714250
3739,145714320,145714321
3740,145714380,145714376
3741,145714440,145714444
3742,145714500,145714502
3743,145714560,145714560
3744,145714620,145714622
3745,145714680,145714680
3746,145714740,145714730
3747,145714800,145714803
3748,145714860,145714852
3749,145714920,145714933
3750,145714980,145714988
3751,145715040,145715032
3752,145715100,145715100
3753,145715160,145715144
3754,145715220,145715219
3755,145715280,145715293
3756,145715340,145715340
3757,145715400,145715407
3758,145715460,145715470
3759,145715520,145715520
3760,145715580,145715589
3761,145715640,145715636
3762,145715700,145715700
3763,145715760,145715743
3764,145715820,145715811
3765,145715880,145715875
3766,145715940,145715943
3767,145716000,145715987
3768,145716060,145716060
3769,145716120,145716103
3770,145716180,145716175
3771,145716240,145716232
3772,145716300,145716313
3773,145716360,145716351
3774,145716420,145716417
3775,145716480,145716486
3776,145716540,145716531
3777,145716600,145716602
3778,145716660,145716657
3779,145716720,145716709
3780,145716780,145716771
3781,145716840,145716845
3782,145716900,145716892
3783,145716960,145716965
3784,145717020,145717019
3785,145717080,145717070
3786,145717140,145717138
3787,145717200,145717219
3788,145717260,145717259
3789,145717320,145717311
3790,145717380,145717381
3791,145717440,145717435
3792,145717500,145717485
3793,145717560,145717561
3794,145717620,145717609
3795,145717680,145717690
3796,145717740,145717749
3797,145717800,145717804
3798,145717860,145717859
3799,145717920,145717910
3800,145717980,145717980
3801,145718040,145718031
3802,145718100,145718108
3803,145718160,145718145
3804,145718220,145718232
3805,145718280,145718277
3806,145718340,145718332
3807,145718400,145718387
3808,145718460,145718463
3809,145718520,145718522
3810,145718580,145718585
3811,145718640,145718637
3812,145718700,145718693
3813,145718760,145718760
3814,145718820,145718806
3815,145718880,145718877
3816,145718940,145718930
3817,145719000,145719010
3818,145719060,145719062
3819,145719120,145719114
3820,145719180,145719173
3821,145719240,145719248
3822,145719300,145719292
3823,145719360,145719357
3824,145719420,145719423
3825,145719480,145719471
3826,145719540,145719550
3827,145719600,145719600
3828,145719660,145719673
3829,145719720,145719719
3830,145719780,145719805
3831,145719840,145719842
3832,145719900,145719900
3833,145719960,145719945
3834,145720020,145720020
3835,145720080,145720065
3836,145720140,145720136
3837,145720200,145720195
3838,145720260,145720266
3839,145720320,145720315
3840,145720380,145720376
3841,145720440,145720431
3842,145720500,145720495
3843,145720560,145720553
3844,145720620,145720636
3845,145720680,145720670
3846,145720740,145720727
3847,145720800,145720792
3848,145720860,145720868
3849,145720920,145720899
3850,145720980,145720991
3851,145721040,145721029
3852,145721100,145721089
3853,145721160,145721145
3854,145721220,145721222
3855,145721280,145721272
3856,145721340,145721340
3857,145721400,145721399
3858,145721460,145721434
3859,145721520,145721518
3860,145721580,145721581
3861,145721640,145721626
3862,145721700,145721685
3863,145721760,145721758
3864,145721820,145721833
3865,145721880,145721892
3866,145721940,145721955
3867,145722000,145721990
3868,145722060,145722063
3869,145722120,145722113
3870,145722180,145722184
3871,145722240,145722238
3872,145722300,145722280
3873,145722360,145722363
3874,145722420,145722398
3875,145722480,145722501
3876,145722540,145722565
3877,145722600,145722592
3878,145722660,145722658
3879,145722720,145722719
3880,145722780,145722781
3881,145722840,145722843
3882,145722900,145722882
3883,145722960,145722948
3884,145723020,145723026
3885,145723080,145723082
3886,145723140,145723132
3887,145723200,145723185
3888,145723260,145723261
3889,145723320,145723314
3890,145723380,145723387
3891,145723440,145723448
3892,145723500,145723505
3893,145723560,145723561
3894,145723620,145723620
3895,145723680,145723686
3896,145723740,145723731
3897,145723800,145723783
3898,145723860,145723863
3899,145723920,145723920
3900,145723980,145723980
3901,145724040,145724037
3902,145724100,145724076
3903,145724160,145724186
3904,145724220,145724245
3905,145724280,145724273
3906,145724340,145724346
3907,145724400,145724399
3908,145724460,145724460
3909,145724520,145724521
3910,145724580,145724588
3911,145724640,145724632
3912,145724700,145724705
3913,145724760,145724765
3914,145724820,145724793
3915,145724880,145724892
3916,145724940,145724944
3917,145725000,145724993
3918,145725060,145725059
3919,145725120,145725123
3920,145725180,145725176
3921,145725240,145725243
3922,145725300,145725278
3923,145725360,145725360
3924,145725420,145725429
3925,145725480,145725485
3926,145725540,145725540
3927,145725600,145725591
3928,145725660,145725659
3929,145725720,145725707
3930,145725780,145725780
3931,145725840,145725837
3932,145725900,145725902
3933,145725960,145725971
3934,145726020,145726026
3935,145726080,145726070
3936,145726140,145726129
3937,145726200,145726190
3938,145726260,145726250
3939,145726320,145726308
3940,145726380,145726397
3941,145726440,145726450
3942,145726500,145726493
3943,145726560,145726559
3944,145726620,145726642
3945,145726680,145726661
3946,145726740,145726741
