index,Error
0,145963638
1,145963689
2,145963740
3,145963800
4,145963871
5,145963933
6,145963956
7,145964029
8,145964106
9,145964163
10,145964232
11,145964298
12,145964327
13,145964400
14,145964473
15,145964530
16,145964578
17,145964640
18,145964711
19,145964755
20,145964824
21,145964896
22,145964928
23,145964988
24,145965071
25,145965114
26,145965179
27,145965227
28,145965299
29,145965368
30,145965428
31,145965489
32,145965528
33,145965598
34,145965656
35,145965720
36,145965793
37,145965845
38,145965900
39,145965963
40,145966031
41,145966082
42,145966139
44,145966142
45,145966147
46,145966210
47,145966262
48,145966309
49,145966372
50,145966439
51,145966503
52,145966580
53,145966627
54,145966677
55,145966751
56,145966813
57,145966862
58,145966932
59,145966971
60,145967059
61,145967095
62,145967164
63,145967208
64,145967286
65,145967348
66,145967379
67,145967461
68,145967517
69,145967586
70,145967627
71,145967721
72,145967760
73,145967819
74,145967933
75,145968012
76,145968077
77,145968110
78,145968177
79,145968251
80,145968306
81,145968355
82,145968424
83,145968491
84,145968534
85,145968607
86,145968672
87,145968722
88,145968776
89,145968847
90,145968898
91,145968985
92,145969012
93,145969085
94,145969155
95,145969198
96,145969250
97,145969311
98,145969374
99,145969437
100,145969502
101,145969563
102,145969628
103,145969686
104,145969726
105,145969813
106,145969855
107,145969906
108,145969986
109,145970040
110,145970096
111,145970157
112,145970231
113,145970281
114,145970340
115,145970404
116,145970449
117,145970522
118,145970580
119,145970650
120,145970703
121,145970780
122,145970827
123,145970883
124,145970936
125,145970991
126,145971053
127,145971139
128,145971187
129,145971239
130,145971314
131,145971342
132,145971414
133,145971480
134,145971516
135,145971618
136,145971676
137,145971717
138,145971782
139,145971840
140,145971915
141,145971970
142,145972022
143,145972106
144,145972133
145,145972199
146,145972267
147,145972325
148,145972388
149,145972441
150,145972512
151,145972571
152,145972631
153,145972684
154,145972753
155,145972797
156,145972878
157,145972926
158,145972988
159,145973028
160,145973088
161,145973150
162,145973236
163,145973279
164,145973334
165,145973377
166,145973403
167,145973418
168,145973428
169,145973461
170,145973520
171,145973587
172,145973646
173,145973705
174,145973761
175,145973828
176,145973884
177,145973939
178,145973997
179,145974072
180,145974122
181,145974181
182,145974235
183,145974298
184,145974360
185,145974420
186,145974485
187,145974543
188,145974601
189,145974660
190,145974720
191,145974792
192,145974841
193,145974920
194,145974973
195,145975012
196,145975072
197,145975164
198,145975192
199,145975240
200,145975332
201,145975403
202,145975440
203,145975505
204,145975558
205,145975631
206,145975692
207,145975709
208,145975807
209,145975853
210,145975933
211,145975970
212,145976044
213,145976100
214,145976155
215,145976209
216,145976269
217,145976338
218,145976396
219,145976480
220,145976520
221,145976588
222,145976632
223,145976693
224,145976755
225,145976825
226,145976877
227,145976934
228,145977005
229,145977056
230,145977116
231,145977169
232,145977237
233,145977295
234,145977353
235,145977425
236,145977479
237,145977544
238,145977614
239,145977672
240,145977704
241,145977783
242,145977835
243,145977900
244,145977971
245,145978025
246,145978080
247,145978140
248,145978202
249,145978248
250,145978320
251,145978393
252,145978435
253,145978501
254,145978573
255,145978641
256,145978661
257,145978739
258,145978793
259,145978856
260,145978934
261,145978982
262,145979041
263,145979093
264,145979174
265,145979216
266,145979280
267,145979345
268,145979399
269,145979463
270,145979520
271,145979580
272,145979630
273,145979700
274,145979786
275,145979818
276,145979877
277,145979943
278,145980002
279,145980053
280,145980116
281,145980174
282,145980241
283,145980287
284,145980365
285,145980418
286,145980482
287,145980540
288,145980602
289,145980649
290,145980730
291,145980784
292,145980832
293,145980894
294,145980939
295,145981020
296,145981080
297,145981145
298,145981168
299,145981233
300,145981331
301,145981390
302,145981443
303,145981487
304,145981560
305,145981640
306,145981683
307,145981739
308,145981797
309,145981846
310,145981924
311,145982006
312,145982035
313,145982099
314,145982167
315,145982207
316,145982288
317,145982342
318,145982390
319,145982462
320,145982539
321,145982577
322,145982627
323,145982709
324,145982753
325,145982832
326,145982879
327,145982954
328,145983000
329,145983055
330,145983124
331,145983180
332,145983231
333,145983300
334,145983350
335,145983406
336,145983483
337,145983542
338,145983617
339,145983652
340,145983721
341,145983772
342,145983850
343,145983909
344,145983965
345,145984041
346,145984155
347,145984197
348,145984268
349,145984319
350,145984382
351,145984432
352,145984501
353,145984578
354,145984615
355,145984666
356,145984738
357,145984801
358,145984862
359,145984916
360,145984977
361,145985059
362,145985108
363,145985162
364,145985219
365,145985264
366,145985361
367,145985396
368,145985458
369,145985539
370,145985589
371,145985647
372,145985687
373,145985765
374,145985815
375,145985903
376,145985943
377,145986010
378,145986062
379,145986135
380,145986184
381,145986230
382,145986280
383,145986363
384,145986414
385,145986502
386,145986552
387,145986603
388,145986673
389,145986716
390,145986755
391,145986836
392,145986905
393,145986944
394,145987020
395,145987088
396,145987130
397,145987263
398,145987328
399,145987380
400,145987463
401,145987493
402,145987564
403,145987620
404,145987685
405,145987739
406,145987810
407,145987869
408,145987908
409,145987974
410,145988032
411,145988104
412,145988165
413,145988232
414,145988292
415,145988347
416,145988404
417,145988466
418,145988534
419,145988569
420,145988637
421,145988688
422,145988792
423,145988826
424,145988877
425,145988924
426,145988991
427,145989058
428,145989136
429,145989197
430,145989254
431,145989300
432,145989353
433,145989439
434,145989488
435,145989541
436,145989599
437,145989671
438,145989715
439,145989775
440,145989839
441,145989917
442,145989962
443,145990029
444,145990098
445,145990137
446,145990193
447,145990247
448,145990308
449,145990392
450,145990446
451,145990518
452,145990556
453,145990607
454,145990672
455,145990750
456,145990796
457,145990855
458,145990912
459,145990985
460,145991049
461,145991101
462,145991149
463,145991211
464,145991294
465,145991345
466,145991398
467,145991450
468,145991523
469,145991598
470,145991635
471,145991699
472,145991762
473,145991810
474,145991894
475,145991953
476,145991979
477,145992066
478,145992099
479,145992184
480,145992253
481,145992306
482,145992420
483,145992495
484,145992540
485,145992589
486,145992662
487,145992715
488,145992778
489,145992877
490,145992901
491,145992945
492,145993024
493,145993071
494,145993162
495,145993185
496,145993266
497,145993328
498,145993387
499,145993442
500,145993486
501,145993563
502,145993623
503,145993699
504,145993755
505,145993806
506,145993873
507,145993906
508,145993978
509,145994056
510,145994116
511,145994171
512,145994217
513,145994281
514,145994337
515,145994381
516,145994463
517,145994524
518,145994584
519,145994639
520,145994698
521,145994754
522,145994816
523,145994876
524,145994930
525,145995010
526,145995076
527,145995131
528,145995182
529,145995229
530,145995297
531,145995361
532,145995419
533,145995480
534,145995537
535,145995605
536,145995668
537,145995716
538,145995801
539,145995851
540,145995908
541,145995969
542,145996012
543,145996087
544,145996140
545,145996200
546,145996266
547,145996321
548,145996397
549,145996458
550,145996516
551,145996559
552,145996635
553,145996682
554,145996750
555,145996799
556,145996879
557,145996932
558,145996977
559,145997054
560,145997098
561,145997158
562,145997230
563,145997272
564,145997336
565,145997402
566,145997461
567,145997540
568,145997581
569,145997653
570,145997693
571,145997760
572,145997834
573,145997868
574,145997947
575,145997995
576,145998049
577,145998108
578,145998184
579,145998226
580,145998298
581,145998376
582,145998431
583,145998484
584,145998540
585,145998601
586,145998671
587,145998714
588,145998803
589,145998846
590,145998898
591,145998953
592,145999031
593,145999083
594,145999138
595,145999186
596,145999278
597,145999334
598,145999385
599,145999430
600,145999507
601,145999569
602,145999618
603,145999687
604,145999746
605,145999810
606,145999869
607,145999907
608,145999976
609,146000030
610,146000110
611,146000151
612,146000214
613,146000280
614,146000333
615,146000396
616,146000478
617,146000514
618,146000585
619,146000639
620,146000719
621,146000753
622,146000758
623,146000773
624,146000777
625,146000818
626,146000865
627,146000949
628,146001003
629,146001069
630,146001127
631,146001178
632,146001229
633,146001298
634,146001361
635,146001411
636,146001472
637,146001561
638,146001616
639,146001662
640,146001745
641,146001792
642,146001839
643,146001900
644,146001962
645,146002021
646,146002101
647,146002140
648,146002202
649,146002252
650,146002328
651,146002383
652,146002451
653,146002485
654,146002551
655,146002619
656,146002669
657,146002721
658,146002790
659,146002872
660,146002922
661,146002998
662,146003029
663,146003110
664,146003163
665,146003219
666,146003268
667,146003337
668,146003404
669,146003527
670,146003595
671,146003634
672,146003708
673,146003768
674,146003824
675,146003874
676,146003946
677,146004004
678,146004055
679,146004110
680,146004185
681,146004239
682,146004311
683,146004360
684,146004413
685,146004476
686,146004554
687,146004594
688,146004644
689,146004716
690,146004781
691,146004846
692,146004907
693,146004954
694,146005023
695,146005094
696,146005121
697,146005130
698,146005147
699,146005195
700,146005252
701,146005333
702,146005390
703,146005440
704,146005483
705,146005555
706,146005620
707,146005684
708,146005755
709,146005797
710,146005859
711,146005918
712,146005995
713,146006044
714,146006160
715,146006214
716,146006278
717,146006352
719,146006405
720,146006470
721,146006501
722,146006588
723,146006641
724,146006693
725,146006758
726,146006832
727,146006883
728,146006944
729,146007014
730,146007058
731,146007118
732,146007170
733,146007206
734,146007317
735,146007363
736,146007423
737,146007484
738,146007542
739,146007609
740,146007668
741,146007722
742,146007782
743,146007840
744,146007898
745,146007958
746,146008015
747,146008080
748,146008158
749,146008205
750,146008259
751,146008330
752,146008387
753,146008443
754,146008504
755,146008582
756,146008647
757,146008684
758,146008740
759,146008808
760,146008854
761,146008925
762,146008997
763,146009059
764,146009099
765,146009173
766,146009223
767,146009280
768,146009323
769,146009400
770,146009464
771,146009518
772,146009581
773,146009657
774,146009719
775,146009754
776,146009815
777,146009873
778,146009940
779,146009993
780,146010046
781,146010097
782,146010172
783,146010248
784,146010313
785,146010385
786,146010423
787,146010480
788,146010546
789,146010589
790,146010667
791,146010731
792,146010782
793,146010841
794,146010909
795,146010963
796,146011019
797,146011088
798,146011152
799,146011201
800,146011260
801,146011316
802,146011379
803,146011446
804,146011488
805,146011620
806,146011675
807,146011743
808,146011819
809,146011865
810,146011931
811,146011980
812,146012027
813,146012107
814,146012150
815,146012231
816,146012273
817,146012331
818,146012401
819,146012455
820,146012523
821,146012588
822,146012654
823,146012699
824,146012757
825,146012825
826,146012874
827,146012943
828,146013000
829,146013068
830,146013131
831,146013175
832,146013238
833,146013300
834,146013381
835,146013416
836,146013490
837,146013547
838,146013616
839,146013677
840,146013724
841,146013781
842,146013859
843,146013892
844,146013972
845,146014020
846,146014091
847,146014140
848,146014195
849,146014283
850,146014315
851,146014340
852,146014380
853,146014450
854,146014512
855,146014560
856,146014626
857,146014675
858,146014751
859,146014804
860,146014914
861,146014980
862,146015053
863,146015078
864,146015171
865,146015210
866,146015286
867,146015339
868,146015409
869,146015460
870,146015526
871,146015583
872,146015629
873,146015696
874,146015767
875,146015812
876,146015867
877,146015955
878,146016009
879,146016064
880,146016131
881,146016183
882,146016237
883,146016290
884,146016358
885,146016419
886,146016479
887,146016551
888,146016603
889,146016663
890,146016726
891,146016788
892,146016850
893,146016963
894,146017025
895,146017094
896,146017141
897,146017208
898,146017257
899,146017334
900,146017376
901,146017459
902,146017496
903,146017552
904,146017565
905,146017575
906,146017634
907,146017683
908,146017728
909,146017814
910,146017876
911,146017927
912,146017985
913,146018035
914,146018092
915,146018154
916,146018210
917,146018290
918,146018344
919,146018407
920,146018459
921,146018522
922,146018577
923,146018660
924,146018700
925,146018754
926,146018831
927,146018878
928,146018932
929,146019009
930,146019054
931,146019128
932,146019186
933,146019246
934,146019319
935,146019365
936,146019431
937,146019482
938,146019554
939,146019603
940,146019652
941,146019707
942,146019781
943,146019842
944,146019916
945,146019958
946,146020024
947,146020076
948,146020163
949,146020199
950,146020260
951,146020311
952,146020395
953,146020431
954,146020502
955,146020563
956,146020620
957,146020682
958,146020752
959,146020815
960,146020872
961,146020929
962,146020996
963,146021042
964,146021098
965,146021173
966,146021211
967,146021267
968,146021287
969,146021300
970,146021336
971,146021402
972,146021450
973,146021522
974,146021574
975,146021649
976,146021699
977,146021757
978,146021812
979,146021817
980,146021841
981,146021880
982,146021930
983,146021945
984,146021950
985,146021964
986,146021998
987,146022060
988,146022140
989,146022187
990,146022246
991,146022290
992,146022375
993,146022420
994,146022489
995,146022544
996,146022594
997,146022653
998,146022721
999,146022787
1000,146022855
1001,146022903
1002,146022958
1003,146023016
1004,146023084
1005,146023141
1006,146023203
1007,146023267
1008,146023330
1009,146023387
1010,146023453
1011,146023514
1012,146023554
1013,146023617
1014,146023678
1015,146023734
1016,146023807
1017,146023869
1018,146023919
1019,146023988
1020,146024056
1021,146024095
1022,146024155
1023,146024219
1024,146024276
1025,146024336
1026,146024396
1027,146024477
1028,146024527
1029,146024592
1030,146024648
1031,146024694
1032,146024750
1033,146024806
1034,146024861
1035,146024926
1036,146025004
1037,146025063
1038,146025120
1039,146025181
1040,146025240
1041,146025292
1042,146025371
1043,146025422
1044,146025484
1045,146025529
1046,146025589
1047,146025670
1048,146025787
1049,146025851
1050,146025900
1051,146025948
1052,146026021
1053,146026093
1054,146026147
1055,146026202
1056,146026244
1057,146026324
1058,146026387
1059,146026438
1060,146026500
1061,146026553
1062,146026619
1063,146026680
1064,146026737
1065,146026796
1066,146026850
1067,146026924
1068,146026974
1069,146027060
1070,146027089
1071,146027153
1072,146027221
1073,146027279
1074,146027340
1075,146027375
1076,146027444
1077,146027528
1078,146027581
1079,146027636
1080,146027700
1081,146027766
1082,146027825
1083,146027881
1084,146027932
1085,146028024
1086,146028049
1087,146028113
1088,146028165
1089,146028236
1090,146028283
1091,146028353
1092,146028425
1093,146028479
1094,146028538
1095,146028593
1096,146028665
1097,146028721
1098,146028780
1099,146028837
1100,146028907
1101,146028947
1102,146029032
1103,146029079
1104,146029130
1105,146029273
1106,146029323
1107,146029382
1108,146029441
1109,146029490
1110,146029569
1111,146029615
1112,146029658
1113,146029733
1114,146029796
1115,146029870
1116,146029913
1117,146029972
1118,146030046
1119,146030117
1120,146030167
1121,146030225
1122,146030282
1123,146030336
1124,146030400
1125,146030478
1126,146030528
1127,146030582
1128,146030631
1129,146030700
1130,146030762
1131,146030830
1132,146030886
1133,146030940
1134,146031002
1135,146031070
1136,146031120
1137,146031174
1138,146031220
1139,146031307
1140,146031365
1141,146031423
1142,146031474
1143,146031551
1144,146031585
1145,146031662
1146,146031720
1147,146031784
1148,146031839
1149,146031902
1150,146031954
1151,146032020
1152,146032071
1153,146032139
1154,146032196
1155,146032266
1156,146032330
1157,146032363
1158,146032433
1159,146032484
1160,146032551
1161,146032613
1162,146032696
1163,146032740
1164,146032793
1165,146032846
1166,146032937
1167,146032984
1168,146033039
1169,146033100
1170,146033165
1171,146033227
1172,146033300
1173,146033330
1174,146033410
1175,146033469
1176,146033500
1177,146033575
1178,146033650
1179,146033705
1180,146033755
1181,146033837
1182,146033889
1183,146033933
1184,146033989
1185,146034070
1186,146034120
1187,146034183
1188,146034246
1189,146034311
1190,146034369
1191,146034439
1192,146034470
1193,146034545
1194,146034602
1195,146034663
1196,146034724
1197,146034785
1198,146034851
1199,146034902
1200,146034943
1201,146035011
1202,146035080
1203,146035157
1204,146035186
1205,146035275
1206,146035321
1207,146035383
1208,146035433
1209,146035520
1210,146035577
1211,146035635
1212,146035684
1213,146035721
1214,146035804
1215,146035933
1216,146035987
1217,146036051
1218,146036108
1219,146036155
1220,146036164
1221,146036225
1222,146036274
1223,146036340
1224,146036407
1225,146036464
1226,146036512
1227,146036583
1228,146036657
1229,146036751
1230,146036820
1231,146036895
1232,146036942
1233,146037005
1234,146037071
1235,146037133
1236,146037186
1237,146037231
1238,146037242
1239,146037244
1240,146037251
1241,146037258
1242,146037303
1243,146037364
1244,146037429
1245,146037464
1246,146037536
1247,146037592
1248,146037642
1249,146037718
1250,146037786
1251,146037837
1252,146037912
1253,146037951
1254,146038042
1255,146038086
1256,146038141
1257,146038194
1258,146038260
1259,146038328
1260,146038379
1261,146038459
1262,146038501
1263,146038561
1264,146038641
1265,146038664
1266,146038740
1267,146038800
1268,146038860
1269,146038939
1270,146038987
1271,146039038
1272,146039100
1273,146039169
1274,146039233
1275,146039269
1276,146039347
1277,146039391
1278,146039450
1279,146039518
1280,146039584
1281,146039652
1282,146039714
1283,146039824
1284,146039883
1285,146039986
1286,146039999
1287,146040064
1288,146040120
1289,146040181
1290,146040225
1291,146040300
1292,146040359
1293,146040398
1294,146040466
1295,146040535
1296,146040598
1297,146040662
1298,146040723
1299,146040774
1300,146040848
1301,146040917
1302,146040971
1303,146041035
1304,146041106
1305,146041147
1306,146041204
1307,146041266
1308,146041308
1309,146041381
1310,146041428
1311,146041507
1312,146041566
1313,146041650
1314,146041696
1315,146041738
1316,146041806
1317,146041872
1318,146041922
1319,146041990
1320,146042050
1321,146042102
1322,146042153
1323,146042226
1324,146042291
1325,146042357
1326,146042400
1327,146042453
1328,146042514
1329,146042585
1330,146042655
1331,146042715
1332,146042767
1333,146042816
1334,146042883
1335,146042927
1336,146043000
1337,146043087
1338,146043109
1339,146043180
1340,146043237
1341,146043292
1342,146043352
1343,146043411
1344,146043478
1345,146043545
1346,146043602
1347,146043663
1348,146043714
1349,146043784
1350,146043828
1351,146043900
1352,146043955
1353,146044016
1354,146044073
1355,146044129
1356,146044194
1357,146044310
1358,146044388
1359,146044440
1360,146044500
1361,146044544
1362,146044630
1363,146044678
1364,146044754
1365,146044803
1366,146044869
1367,146044929
1368,146044980
1369,146045040
1370,146045118
1371,146045163
1372,146045237
1373,146045281
1374,146045343
1375,146045399
1376,146045454
1377,146045506
1378,146045582
1379,146045648
1380,146045682
1381,146045766
1382,146045825
1383,146045946
1384,146046011
1385,146046081
1386,146046124
1387,146046175
1388,146046261
1389,146046315
1390,146046369
1391,146046418
1392,146046476
1393,146046533
1394,146046615
1395,146046665
1396,146046711
1397,146046796
1398,146046831
1399,146046894
1400,146046971
1401,146047029
1402,146047088
1403,146047145
1404,146047260
1405,146047320
1406,146047374
1407,146047431
1408,146047478
1409,146047500
1410,146047506
1411,146047561
1412,146047626
1413,146047669
1414,146047733
1415,146047799
1416,146047873
1417,146047917
1418,146047981
1419,146048042
1420,146048098
1421,146048184
1422,146048225
1423,146048269
1424,146048356
1425,146048396
1426,146048460
1427,146048527
1428,146048582
1429,146048654
1430,146048697
1431,146048750
1432,146048814
1433,146048866
1434,146048876
1435,146048938
1436,146049012
1437,146049072
1438,146049121
1439,146049183
1440,146049242
1441,146049311
1442,146049351
1443,146049411
1444,146049485
1445,146049530
1446,146049590
1447,146049652
1448,146049706
1449,146049774
1450,146049828
1451,146049895
1452,146049981
1453,146050020
1454,146050084
1455,146050149
1456,146050196
1457,146050264
1458,146050334
1459,146050396
1460,146050436
1461,146050564
1462,146050620
1463,146050674
1464,146050743
1465,146050805
1466,146050881
1467,146050916
1468,146050978
1469,146051040
1470,146051108
1471,146051153
1472,146051220
1473,146051277
1474,146051333
1475,146051418
1476,146051461
1477,146051523
1478,146051581
1479,146051661
1480,146051702
1481,146051748
1482,146051826
1483,146051897
1484,146051941
1485,146052008
1486,146052071
1487,146052107
1488,146052184
1489,146052241
1490,146052320
1491,146052338
1492,146052444
1493,146052483
1494,146052542
1495,146052573
1496,146052641
1497,146052710
1498,146052772
1499,146052856
1500,146052893
1501,146052963
1502,146053020
1503,146053068
1504,146053125
1505,146053205
1506,146053262
1507,146053311
1508,146053388
1509,146053437
1510,146053507
1511,146053558
1512,146053625
1513,146053674
1514,146053751
1515,146053798
1516,146053864
1517,146053919
1518,146053978
1519,146054052
1520,146054094
1521,146054163
1522,146054216
1523,146054289
1524,146054355
1525,146054397
1526,146054474
1527,146054511
1528,146054571
1529,146054641
1530,146054704
1531,146054766
1532,146054816
1533,146054876
1534,146054957
1535,146055004
1536,146055063
1537,146055109
1538,146055164
1539,146055224
1540,146055291
1541,146055356
1542,146055419
1543,146055478
1544,146055543
1545,146055618
1546,146055662
1547,146055705
1548,146055798
1549,146055840
1550,146055926
1551,146055966
1552,146056019
1553,146056074
1554,146056140
1555,146056221
1556,146056254
1557,146056323
1558,146056382
1559,146056449
1560,146056523
1561,146056562
1562,146056610
1563,146056671
1564,146056735
1565,146056812
1566,146056842
1567,146056922
1568,146056967
1569,146057034
1570,146057107
1571,146057175
1572,146057219
1573,146057276
1574,146057337
1575,146057400
1576,146057464
1577,146057508
1578,146057585
1579,146057659
1580,146057693
1581,146057750
1582,146057825
1583,146057882
1584,146057929
1585,146058004
1586,146058056
1587,146058129
1588,146058179
1589,146058246
1590,146058304
1591,146058371
1592,146058430
1593,146058462
1594,146058544
1595,146058612
1596,146058686
1597,146058721
1598,146058797
1599,146058817
1600,146058912
1601,146058949
1602,146059091
1603,146059140
1604,146059211
1605,146059261
1606,146059317
1607,146059409
1608,146059438
1609,146059481
1610,146059559
1611,146059619
1612,146059672
1613,146059729
1614,146059803
1615,146059856
1616,146059929
1617,146059972
1618,146060055
1619,146060098
1620,146060172
1621,146060230
1622,146060285
1623,146060339
1624,146060388
1625,146060458
1626,146060522
1627,146060583
1628,146060644
1629,146060696
1630,146060748
1631,146060813
1632,146060886
1633,146060948
1634,146061000
1635,146061077
1636,146061121
1637,146061199
1638,146061251
1639,146061309
1640,146061359
1641,146061415
1642,146061482
1643,146061542
1644,146061584
1645,146061658
1646,146061708
1647,146061775
1648,146061836
1649,146061905
1650,146061958
1651,146062031
1652,146062085
1653,146062158
1654,146062189
1655,146062270
1656,146062305
1657,146062379
1658,146062435
1659,146062510
1660,146062568
1661,146062607
1662,146062662
1663,146062737
1664,146062799
1665,146062858
1666,146062915
1667,146063009
1668,146063044
1669,146063101
1670,146063179
1671,146063227
1672,146063290
1673,146063345
1674,146063397
1675,146063436
1676,146063538
1677,146063591
1678,146063642
1679,146063720
1680,146063767
1681,146063828
1682,146063889
1683,146064025
1684,146064058
1685,146064127
1686,146064191
1687,146064239
1688,146064312
1689,146064381
1690,146064411
1691,146064478
1692,146064557
1693,146064591
1694,146064649
1695,146064723
1696,146064783
1697,146064852
1698,146064912
1699,146064966
1700,146065006
1701,146065074
1702,146065135
1703,146065214
1704,146065253
1705,146065332
1706,146065384
1707,146065442
1708,146065491
1709,146065570
1710,146065637
1711,146065662
1712,146065736
1713,146065809
1714,146065878
1715,146065933
1716,146065972
1717,146066046
1718,146066106
1719,146066160
1720,146066231
1721,146066296
1722,146066346
1723,146066406
1724,146066475
1725,146066537
1726,146066565
1727,146066651
1728,146066706
1729,146066750
1730,146066827
1731,146066888
1732,146066925
1733,146067009
1734,146067065
1735,146067123
1736,146067179
1737,146067253
1738,146067299
1739,146067366
1740,146067421
1741,146067489
1742,146067536
1743,146067609
1744,146067673
1745,146067721
1746,146067771
1747,146067844
1748,146067912
1749,146067961
1750,146068008
1751,146068098
1752,146068139
1753,146068204
1754,146068263
1755,146068316
1756,146068394
1757,146068493
1758,146068499
1759,146068508
1760,146068510
1761,146068575
1762,146068617
1763,146068688
1764,146068726
1765,146068796
1766,146068869
1767,146068927
1768,146068997
1769,146069051
1770,146069088
1771,146069160
1772,146069214
1773,146069281
1774,146069343
1775,146069390
1776,146069461
1777,146069524
1778,146069581
1779,146069643
1780,146069691
1781,146069760
1782,146069826
1783,146069881
1784,146069945
1785,146070022
1786,146070073
1787,146070124
1788,146070168
1789,146070236
1790,146070291
1791,146070358
1792,146070423
1793,146070476
1794,146070545
1795,146070598
1796,146070606
1797,146070611
1798,146070670
1799,146070717
1800,146070786
1801,146070832
1802,146070906
1803,146070961
1804,146071030
1805,146071081
1806,146071147
1807,146071188
1808,146071265
1809,146071329
1810,146071375
1811,146071450
1812,146071514
1813,146071579
1814,146071632
1815,146071674
1816,146071730
1817,146071789
1818,146071870
1819,146071911
1820,146071964
1821,146072033
1822,146072102
1823,146072145
1824,146072236
1825,146072284
1826,146072354
1827,146072415
1828,146072459
1829,146072525
1830,146072584
1831,146072636
1832,146072717
1833,146072775
1834,146072819
1835,146072874
1836,146072928
1837,146073005
1838,146073058
1839,146073105
1840,146073194
1841,146073254
1842,146073308
1843,146073376
1844,146073420
1845,146073465
1846,146073544
1847,146073592
1848,146073656
1849,146073705
1850,146073774
1851,146073843
1852,146073899
1853,146073961
1854,146074022
1855,146074094
1856,146074149
1857,146074215
1858,146074238
1859,146074309
1860,146074398
1861,146074433
1862,146074491
1863,146074550
1864,146074619
1865,146074691
1866,146074721
1867,146074813
1868,146074852
1869,146074935
1870,146074964
1871,146075049
1872,146075114
1873,146075163
1874,146075234
1875,146075301
1876,146075340
1877,146075398
1878,146075456
1879,146075529
1880,146075579
1881,146075631
1882,146075712
1883,146075749
1884,146075817
1885,146075888
1886,146075962
1887,146076001
1888,146076049
1889,146076128
1890,146076182
1891,146076239
1892,146076300
1893,146076358
1894,146076434
1895,146076480
1896,146076550
1897,146076593
1898,146076668
1899,146076731
1900,146076790
1901,146076840
1902,146076909
1903,146076968
1904,146077011
1905,146077090
1906,146077139
1907,146077187
1908,146077239
1909,146077312
1910,146077448
1911,146077497
1912,146077560
1913,146077620
1914,146077691
1915,146077727
1916,146077798
1917,146077873
1918,146077918
1919,146077970
1920,146078029
1921,146078092
1922,146078156
1923,146078216
1924,146078275
1925,146078329
1926,146078402
1927,146078469
1928,146078515
1929,146078581
1930,146078624
1931,146078714
1932,146078737
1933,146078815
1934,146078879
1935,146078951
1936,146078995
1937,146079079
1938,146079124
1939,146079177
1940,146079244
1941,146079300
1942,146079360
1943,146079425
1944,146079476
1945,146079535
1946,146079601
1947,146079686
1948,146079725
1949,146079785
1950,146079845
1951,146079922
1952,146079967
1953,146080020
1954,146080075
1955,146080158
1956,146080201
1957,146080268
1958,146080314
1959,146080379
1960,146080457
1961,146080505
1962,146080570
1963,146080607
1964,146080691
1965,146080736
1966,146080799
1967,146080859
1968,146080925
1969,146080977
1970,146081029
1971,146081112
1972,146081158
1973,146081207
1974,146081309
1975,146081338
1976,146081382
1977,146081457
1978,146081523
1979,146081583
1980,146081638
1981,146081713
1982,146081774
1983,146081807
1984,146081885
1985,146081940
1986,146082004
1987,146082067
1988,146082112
1989,146082176
1990,146082250
1991,146082302
1992,146082354
1993,146082445
1994,146082476
1995,146082530
1996,146082604
1997,146082644
1998,146082707
1999,146082794
2000,146082842
2001,146082896
2002,146082977
2003,146083026
2004,146083095
2005,146083138
2006,146083195
2007,146083259
2008,146083313
2009,146083371
2010,146083440
2011,146083500
2012,146083551
2013,146083616
2014,146083688
2015,146083742
2016,146083809
2017,146083854
2018,146083910
2019,146083987
2020,146084037
2021,146084095
2022,146084162
2023,146084229
2024,146084274
2025,146084351
2026,146084418
2027,146084462
2028,146084537
2029,146084566
2030,146084634
2031,146084701
2032,146084763
2033,146084818
2034,146084904
2035,146084951
2036,146084988
2037,146085074
2038,146085129
2039,146085187
2040,146085238
2041,146085287
2042,146085377
2043,146085419
2044,146085502
2045,146085560
2046,146085613
2047,146085659
2048,146085744
2049,146085789
2050,146085828
2051,146085907
2052,146085974
2053,146086014
2054,146086085
2055,146086132
2056,146086211
2057,146086254
2058,146086317
2059,146086447
2060,146086498
2061,146086564
2062,146086620
2063,146086693
2064,146086751
2065,146086788
2066,146086850
2067,146086851
2068,146086857
2069,146086859
2070,146086861
2071,146086932
2072,146086973
2073,146087046
2074,146087104
2075,146087156
2076,146087223
2077,146087283
2078,146087338
2079,146087399
2080,146087461
2081,146087527
2082,146087591
2083,146087655
2084,146087689
2085,146087759
2086,146087831
2087,146087887
2088,146087941
2089,146088021
2090,146088058
2091,146088145
2092,146088202
2093,146088246
2094,146088306
2095,146088365
2096,146088415
2097,146088487
2098,146088529
2099,146088586
2100,146088653
2101,146088743
2102,146088799
2103,146088845
2104,146088900
2105,146088976
2106,146089037
2107,146089077
2108,146089141
2109,146089192
2110,146089275
2111,146089334
2112,146089374
2113,146089432
2114,146089528
2115,146089566
2116,146089608
2117,146089661
2118,146089670
2119,146089676
2120,146089691
2121,146089731
2122,146089816
2123,146089860
2124,146089911
2125,146089961
2126,146090037
2127,146090103
2128,146090176
2129,146090220
2130,146090271
2131,146090345
2132,146090401
2133,146090449
2134,146090526
2135,146090656
2136,146090703
2137,146090758
2138,146090803
2139,146090875
2140,146090951
2141,146090987
2142,146091065
2143,146091111
2144,146091170
2145,146091223
2146,146091305
2147,146091372
2148,146091417
2149,146091474
2150,146091533
2151,146091600
2152,146091669
2153,146091725
2154,146091790
2155,146091841
2156,146091902
2157,146091949
2158,146092016
2159,146092090
2160,146092131
2161,146092201
2162,146092258
2163,146092346
2164,146092376
2165,146092443
2166,146092501
2167,146092563
2168,146092621
2169,146092682
2170,146092749
2171,146092804
2172,146092873
2173,146092925
2174,146092964
2175,146093051
2176,146093103
2177,146093162
2178,146093218
2179,146093285
2180,146093331
2181,146093414
2182,146093449
2183,146093535
2184,146093586
2185,146093648
2186,146093696
2187,146093700
2188,146093704
2189,146093711
2190,146093753
2191,146093830
2192,146093878
2193,146093936
2194,146094000
2195,146094074
2196,146094118
2197,146094182
2198,146094242
2199,146094305
2200,146094369
2201,146094428
2202,146094496
2203,146094544
2204,146094608
2205,146094660
2206,146094711
2207,146094786
2208,146094846
2209,146094905
2210,146094956
2211,146095016
2212,146095082
2213,146095137
2214,146095147
2215,146095158
2216,146095193
2217,146095256
2218,146095310
2219,146095380
2220,146095458
2221,146095513
2222,146095557
2223,146095620
2224,146095684
2225,146095740
2226,146095786
2227,146095856
2228,146095935
2229,146095969
2230,146096044
2231,146096088
2232,146096165
2233,146096220
2234,146096292
2235,146096337
2236,146096419
2237,146096469
2238,146096539
2239,146096583
2240,146096643
2241,146096759
2242,146096803
2243,146096883
2244,146096933
2245,146097000
2246,146097042
2247,146097107
2248,146097189
2249,146097239
2250,146097293
2251,146097365
2252,146097420
2253,146097489
2254,146097548
2255,146097615
2256,146097663
2257,146097733
2258,146097788
2259,146097854
2260,146097902
2261,146097967
2262,146098002
2263,146098084
2264,146098132
2265,146098200
2266,146098280
2267,146098291
2268,146098381
2269,146098444
2270,146098489
2271,146098568
2272,146098638
2273,146098667
2274,146098745
2275,146098803
2276,146098873
2277,146098926
2278,146098973
2279,146099036
2280,146099111
2281,146099140
2282,146099150
2283,146099167
2284,146099172
2285,146099217
2286,146099275
2287,146099336
2288,146099397
2289,146099461
2290,146099531
2291,146099573
2292,146099651
2293,146099704
2294,146099766
2295,146099806
2296,146099881
2297,146099935
2298,146099993
2299,146100062
2300,146100121
2301,146100176
2302,146100237
2303,146100297
2304,146100373
2305,146100428
2306,146100478
2307,146100563
2308,146100606
2309,146100669
2310,146100721
2311,146100778
2312,146100821
2313,146100906
2314,146100969
2315,146101019
2316,146101090
2317,146101129
2318,146101211
2319,146101251
2320,146101316
2321,146101402
2322,146101443
2323,146101495
2324,146101570
2325,146101625
2326,146101686
2327,146101750
2328,146101861
2329,146101916
2330,146101978
2331,146102029
2332,146102103
2333,146102141
2334,146102227
2335,146102280
2336,146102350
2337,146102419
2338,146102462
2339,146102523
2340,146102567
2341,146102630
2342,146102702
2343,146102782
2344,146102822
2345,146102889
2346,146102937
2347,146103019
2348,146103062
2349,146103122
2350,146103185
2351,146103255
2352,146103301
2353,146103360
2354,146103412
2355,146103471
2356,146103540
2357,146103615
2358,146103664
2359,146103723
2360,146103788
2361,146103844
2362,146103908
2363,146103966
2364,146104032
2365,146104080
2366,146104134
2367,146104201
2368,146104266
2369,146104322
2370,146104368
2371,146104449
2372,146104495
2373,146104575
2374,146104616
2375,146104687
2376,146104768
2377,146104790
2378,146104862
2379,146104920
2380,146104991
2381,146105049
2382,146105115
2383,146105175
2384,146105239
2385,146105287
2386,146105344
2387,146105407
2388,146105458
2389,146105528
2390,146105596
2391,146105653
2392,146105687
2393,146105768
2394,146105812
2395,146105870
2396,146105940
2397,146106009
2398,146106060
2399,146106101
2400,146106171
2401,146106240
2402,146106310
2403,146106371
2404,146106427
2405,146106495
2406,146106563
2407,146106613
2408,146106664
2409,146106740
2410,146106774
2411,146106825
2412,146106912
2413,146106970
2414,146107021
2415,146107058
2416,146107145
2417,146107187
2418,146107249
2419,146107319
2420,146107397
2421,146107443
2422,146107518
2423,146107564
2424,146107612
2425,146107672
2426,146107752
2427,146107807
2428,146107866
2429,146107918
2430,146107973
2431,146108039
2432,146108099
2433,146108182
2434,146108236
2435,146108258
2436,146108341
2437,146108416
2438,146108468
2439,146108535
2440,146108556
2441,146108637
2442,146108708
2443,146108711
2444,146108774
2445,146108831
2446,146108892
2447,146108938
2448,146108986
2449,146109061
2450,146109120
2451,146109176
2452,146109243
2453,146109294
2454,146109371
2455,146109417
2456,146109491
2457,146109534
2458,146109602
2459,146109665
2460,146109714
2461,146109774
2462,146109838
2463,146109916
2464,146109965
2465,146110009
2466,146110089
2467,146110145
2468,146110200
2469,146110272
2470,146110317
2471,146110380
2472,146110448
2473,146110516
2474,146110562
2475,146110628
2476,146110677
2477,146110755
2478,146110808
2479,146110867
2480,146110910
2481,146110969
2482,146111032
2483,146111084
2484,146111085
2485,146111092
2486,146111146
2487,146111221
2488,146111294
2489,146111342
2490,146111401
2491,146111458
2492,146111538
2493,146111583
2494,146111641
2495,146111707
2496,146111777
2497,146111826
2498,146111895
2499,146111940
2500,146111996
2501,146112033
2502,146112140
2503,146112175
2504,146112242
2505,146112300
2506,146112361
2507,146112479
2508,146112547
2509,146112617
2510,146112671
2511,146112720
2512,146112774
2513,146112830
2514,146112895
2515,146112963
2516,146113009
2517,146113018
2518,146113025
2519,146113028
2520,146113091
2521,146113148
2522,146113182
2523,146113252
2524,146113315
2525,146113383
2526,146113460
2527,146113508
2528,146113565
2529,146113612
2530,146113701
2531,146113744
2532,146113818
2533,146113864
2534,146113921
2535,146113981
2536,146114037
2537,146114111
2538,146114171
2539,146114230
2540,146114276
2541,146114352
2542,146114400
2543,146114467
2544,146114508
2545,146114569
2546,146114658
2547,146114700
2548,146114766
2549,146114820
2550,146114892
2551,146114948
2552,146115010
2553,146115053
2554,146115115
2555,146115170
2556,146115241
2557,146115286
2558,146115357
2559,146115424
2560,146115491
2561,146115533
2562,146115621
2563,146115667
2564,146115733
2565,146115771
2566,146115842
2567,146115910
2568,146115960
2569,146116011
2570,146116080
2571,146116177
2572,146116202
2573,146116263
2574,146116312
2575,146116371
2576,146116441
2577,146116492
2578,146116558
2579,146116634
2580,146116675
2581,146116743
2582,146116826
2583,146116876
2584,146116898
2585,146116994
2586,146117038
2587,146117093
2588,146117163
2589,146117206
2590,146117287
2591,146117408
2592,146117462
2593,146117536
2594,146117585
2595,146117625
2596,146117689
2597,146117762
2598,146117827
2599,146117893
2600,146117953
2601,146118023
2602,146118039
2603,146118113
2604,146118188
2605,146118232
2606,146118303
2607,146118356
2608,146118441
2609,146118485
2610,146118541
2611,146118610
2612,146118668
2613,146118728
2614,146118772
2615,146118835
2616,146118898
2617,146118975
2618,146119032
2619,146119077
2620,146119140
2621,146119198
2622,146119274
2623,146119325
2624,146119386
2625,146119449
2626,146119497
2627,146119565
2628,146119620
2629,146119662
2630,146119737
2631,146119795
2632,146119860
2633,146119925
2634,146120002
2635,146120040
2636,146120120
2637,146120154
2638,146120226
2639,146120291
2640,146120333
2641,146120390
2642,146120479
2643,146120493
2644,146120569
2645,146120631
2646,146120689
2647,146120767
2648,146120827
2649,146120881
2650,146120948
2651,146120989
2652,146121052
2653,146121107
2654,146121180
2655,146121240
2656,146121301
2657,146121359
2658,146121416
2659,146121493
2660,146121555
2661,146121599
2662,146121674
2663,146121720
2664,146121791
2665,146121835
2666,146121915
2667,146121971
2668,146122041
2669,146122070
2670,146122139
2671,146122206
2672,146122265
2673,146122326
2674,146122386
2675,146122442
2676,146122491
2677,146122566
2678,146122620
2679,146122687
2680,146122740
2681,146122808
2682,146122861
2683,146122937
2684,146122975
2685,146123040
2686,146123041
2687,146123047
2688,146123050
2689,146123055
2690,146123100
2691,146123161
2692,146123242
2693,146123277
2694,146123340
2695,146123410
2696,146123466
2697,146123517
2698,146123583
2699,146123642
2700,146123690
2701,146123778
2702,146123820
2703,146123875
2704,146123928
2705,146124007
2706,146124058
2707,146124122
2708,146124177
2709,146124250
2710,146124308
2711,146124379
2712,146124443
2713,146124476
2714,146124542
2715,146124545
2716,146124611
2717,146124674
2718,146124717
2719,146124767
2720,146124840
2721,146124896
2722,146124965
2723,146125020
2724,146125077
2725,146125137
2726,146125201
2727,146125281
2728,146125326
2729,146125389
2730,146125450
2731,146125506
2732,146125556
2733,146125618
2734,146125663
2735,146125687
2736,146125736
2737,146125802
2738,146125841
2739,146125911
2740,146125987
2741,146126038
2742,146126094
2743,146126156
2744,146126217
2745,146126281
2746,146126348
2747,146126403
2748,146126467
2749,146126517
2750,146126584
2751,146126637
2752,146126700
2753,146126768
2754,146126819
2755,146126882
2756,146126926
2757,146127011
2758,146127063
2759,146127134
2760,146127196
2761,146127231
2762,146127305
2763,146127350
2764,146127360
2765,146127369
2766,146127371
2767,146127372
2768,146127429
2769,146127470
2770,146127542
2771,146127603
2772,146127677
2773,146127789
2774,146127845
2775,146127896
2776,146127957
2777,146128024
2778,146128078
2779,146128124
2780,146128213
2781,146128259
2782,146128310
2783,146128391
2784,146128444
2785,146128511
2786,146128543
2787,146128617
2788,146128687
2789,146128759
2790,146128814
2791,146128857
2792,146128908
2793,146128997
2794,146129035
2795,146129098
2796,146129161
2797,146129224
2798,146129276
2799,146129327
2800,146129400
2801,146129477
2802,146129510
2803,146129594
2804,146129644
2805,146129698
2806,146129775
2807,146129831
2808,146129891
2809,146129971
2810,146129987
2811,146130058
2812,146130138
2813,146130174
2814,146130247
2815,146130314
2816,146130355
2817,146130426
2818,146130488
2819,146130533
2820,146130596
2821,146130652
2822,146130730
2823,146130773
2824,146130830
2825,146130894
2826,146130959
2827,146131026
2828,146131082
2829,146131148
2830,146131212
2831,146131263
2832,146131323
2833,146131378
2834,146131435
2835,146131502
2836,146131579
2837,146131626
2838,146131675
2839,146131743
2840,146131795
2841,146131866
2842,146131916
2843,146131966
2844,146132049
2845,146132085
2846,146132174
2847,146132229
2848,146132280
2849,146132337
2850,146132407
2851,146132460
2852,146132523
2853,146132577
2854,146132644
2855,146132710
2856,146132762
2857,146132820
2858,146132893
2859,146132941
2860,146132997
2861,146133072
2862,146133119
2863,146133166
2864,146133240
2865,146133300
2866,146133344
2867,146133411
2868,146133480
2869,146133531
2870,146133615
2871,146133650
2872,146133703
2873,146133769
2874,146133830
2875,146133905
2876,146133965
2877,146134023
2878,146134094
2879,146134140
2880,146134194
2881,146134274
2882,146134322
2883,146134382
2884,146134450
2885,146134522
2886,146134554
2887,146134612
2888,146134678
2889,146134748
2890,146134782
2891,146134851
2892,146134921
2893,146134987
2894,146135041
2895,146135106
2896,146135164
2897,146135221
2898,146135297
2899,146135347
2900,146135399
2901,146135463
2902,146135507
2903,146135587
2904,146135640
2905,146135696
2906,146135769
2907,146135816
2908,146135874
2909,146135939
2910,146136000
2911,146136069
2912,146136125
2913,146136189
2914,146136252
2915,146136309
2916,146136361
2917,146136436
2918,146136491
2919,146136556
2920,146136612
2921,146136655
2922,146136723
2923,146136782
2924,146136858
2925,146136907
2926,146136948
2927,146137020
2928,146137073
2929,146137133
2930,146137207
2931,146137252
2932,146137320
2933,146137370
2934,146137453
2935,146137480
2936,146137562
2937,146137624
2938,146137693
2939,146137757
2940,146137797
2941,146137886
2942,146137920
2943,146137981
2944,146138040
2945,146138093
2946,146138169
2947,146138214
2948,146138282
2949,146138333
2950,146138413
2951,146138453
2952,146138527
2953,146138567
2954,146138630
2955,146138710
2956,146138768
2957,146138819
2958,146138872
2959,146138957
2960,146139005
2961,146139050
2962,146139129
2963,146139179
2964,146139245
2965,146139301
2966,146139356
2967,146139412
2968,146139492
2969,146139539
2970,146139609
2971,146139666
2972,146139722
2973,146139779
2974,146139849
2975,146139897
2976,146139978
2977,146140035
2978,146140088
2979,146140139
2980,146140204
2981,146140255
2982,146140324
2983,146140380
2984,146140449
2985,146140509
2986,146140565
2987,146140618
2988,146140682
2989,146140762
2990,146140797
2991,146140860
2992,146140920
2993,146140970
2994,146141037
2995,146141105
2996,146141161
2997,146141235
2998,146141294
2999,146141339
3000,146141379
3001,146141463
3002,146141506
3003,146141583
3004,146141651
3005,146141699
3006,146141762
3007,146141817
3008,146141880
3009,146141929
3010,146141998
3011,146142066
3012,146142114
3013,146142186
3014,146142240
3015,146142313
3016,146142358
3017,146142415
3018,146142499
3019,146142536
3020,146142590
3021,146142654
3022,146142724
3023,146142774
3024,146142828
3025,146142913
3026,146142960
3027,146143014
3028,146143077
3029,146143148
3030,146143232
3031,146143256
3032,146143329
3033,146143372
3034,146143452
3035,146143505
3036,146143569
3037,146143631
3038,146143666
3039,146143684
3040,146143748
3041,146143793
3042,146143855
3043,146143912
3044,146143976
3045,146144039
3046,146144110
3047,146144164
3048,146144241
3049,146144281
3050,146144350
3051,146144404
3052,146144458
3053,146144529
3054,146144578
3055,146144615
3056,146144693
3057,146144748
3058,146144826
3059,146144876
3060,146144934
3061,146145012
3062,146145056
3063,146145120
3064,146145182
3065,146145243
3066,146145307
3067,146145375
3068,146145420
3069,146145497
3070,146145545
3071,146145620
3072,146145671
3073,146145715
3074,146145793
3075,146145840
3076,146145907
3077,146145966
3078,146146031
3079,146146085
3080,146146135
3081,146146197
3082,146146260
3083,146146328
3084,146146381
3085,146146436
3086,146146500
3087,146146573
3088,146146647
3089,146146683
3090,146146759
3091,146146799
3092,146146878
3093,146146908
3094,146146982
3095,146147046
3096,146147091
3097,146147155
3098,146147209
3099,146147292
3100,146147353
3101,146147393
3102,146147481
3103,146147518
3104,146147572
3105,146147642
3106,146147699
3107,146147764
3108,146147831
3109,146147872
3110,146147950
3111,146147988
3112,146148058
3113,146148118
3114,146148165
3115,146148239
3116,146148304
3117,146148376
3118,146148424
3119,146148494
3120,146148530
3121,146148607
3122,146148666
3123,146148668
3124,146148720
3125,146148775
3126,146148853
3127,146148902
3128,146148984
3129,146149027
3130,146149084
3131,146149144
3132,146149204
3133,146149263
3134,146149312
3135,146149373
3136,146149455
3137,146149506
3138,146149573
3139,146149621
3140,146149679
3141,146149730
3142,146149811
3143,146149857
3144,146149934
3145,146149980
3146,146150039
3147,146150100
3148,146150165
3149,146150220
3150,146150280
3151,146150346
3152,146150389
3153,146150453
3154,146150530
3155,146150580
3156,146150638
3157,146150690
3158,146150765
3159,146150827
3160,146150881
3161,146150939
3162,146150999
3163,146151054
3164,146151120
3165,146151170
3166,146151246
3167,146151313
3168,146151361
3169,146151411
3170,146151477
3171,146151553
3172,146151617
3173,146151656
3174,146151717
3175,146151780
3176,146151842
3177,146151889
3178,146151952
3179,146152017
3180,146152080
3181,146152147
3182,146152192
3183,146152262
3184,146152327
3185,146152380
3186,146152500
3187,146152566
3188,146152647
3189,146152696
3190,146152749
3191,146152809
3192,146152857
3193,146152933
3194,146152987
3195,146153050
3196,146153117
3197,146153162
3198,146153223
3199,146153272
3200,146153341
3201,146153396
3202,146153452
3203,146153528
3204,146153587
3205,146153632
3206,146153638
3207,146153641
3208,146153644
3209,146153705
3210,146153763
3211,146153821
3212,146153885
3213,146153930
3214,146154000
3215,146154077
3216,146154117
3217,146154207
3218,146154247
3219,146154291
3220,146154345
3221,146154422
3222,146154479
3223,146154540
3224,146154594
3225,146154660
3226,146154705
3227,146154779
3228,146154852
3229,146154929
3230,146155031
3231,146155088
3232,146155140
3233,146155213
3234,146155257
3235,146155325
3236,146155380
3237,146155427
3238,146155503
3239,146155548
3240,146155618
3241,146155687
3242,146155752
3243,146155810
3244,146155858
3245,146155920
3246,146155982
3247,146156047
3248,146156099
3249,146156160
3250,146156244
3251,146156273
3252,146156353
3253,146156386
3254,146156455
3255,146156533
3256,146156593
3257,146156634
3258,146156684
3259,146156776
3260,146156818
3261,146156889
3262,146156951
3263,146156990
3264,146157072
3265,146157117
3266,146157170
3267,146157309
3268,146157350
3269,146157409
3270,146157479
3271,146157563
3272,146157599
3273,146157663
3274,146157712
3275,146157811
3276,146157855
3277,146157889
3278,146157891
3279,146157903
3281,146157917
3282,146157964
3283,146158020
3284,146158086
3285,146158139
3286,146158213
3287,146158255
3288,146158314
3289,146158373
3290,146158440
3291,146158512
3292,146158554
3293,146158634
3294,146158679
3295,146158752
3296,146158798
3297,146158877
3298,146158931
3299,146158983
3300,146159036
3301,146159111
3302,146159167
3303,146159209
3304,146159277
3305,146159324
3306,146159334
3307,146159336
3308,146159337
3309,146159340
3310,146159403
3311,146159476
3312,146159520
3313,146159570
3314,146159640
3315,146159694
3316,146159747
3317,146159820
3318,146159859
3319,146159932
3320,146160010
3321,146160064
3322,146160120
3323,146160180
3324,146160243
3325,146160287
3326,146160300
3327,146160303
3328,146160355
3329,146160411
3330,146160498
3331,146160554
3332,146160608
3333,146160657
3334,146160721
3335,146160777
3336,146160840
3337,146160892
3338,146160962
3339,146161011
3340,146161071
3341,146161124
3342,146161186
3343,146161260
3344,146161328
3345,146161379
3346,146161437
3347,146161502
3348,146161558
3349,146161562
3350,146161566
3351,146161567
3353,146161629
3354,146161687
3355,146161732
3356,146161797
3357,146161869
3358,146161915
3359,146161977
3360,146162045
3361,146162109
3362,146162155
3363,146162237
3364,146162267
3365,146162334
3366,146162419
3367,146162460
3368,146162529
3369,146162585
3370,146162643
3371,146162720
3372,146162779
3373,146162817
3374,146162884
3375,146162934
3376,146163020
3377,146163060
3378,146163113
3379,146163186
3380,146163256
3381,146163300
3382,146163345
3383,146163431
3384,146163479
3385,146163532
3386,146163596
3387,146163657
3388,146163704
3389,146163780
3390,146163839
3391,146163900
3392,146163981
3393,146164037
3394,146164087
3395,146164153
3396,146164192
3397,146164315
3398,146164386
3399,146164449
3400,146164501
3401,146164550
3402,146164612
3403,146164692
3404,146164745
3405,146164799
3406,146164858
3407,146164916
3408,146164992
3409,146165050
3410,146165083
3411,146165161
3412,146165226
3413,146165275
3414,146165329
3415,146165404
3416,146165469
3417,146165519
3418,146165585
3419,146165646
3420,146165698
3421,146165763
3422,146165812
3423,146165888
3424,146165950
3425,146165994
3426,146166070
3427,146166110
3428,146166191
3429,146166240
3430,146166301
3431,146166355
3432,146166424
3433,146166478
3434,146166537
3435,146166611
3436,146166679
3437,146166734
3438,146166780
3439,146166858
3440,146166896
3441,146166927
3442,146167010
3443,146167095
3444,146167142
3445,146167184
3446,146167269
3447,146167342
3448,146167396
3449,146167429
3450,146167500
3451,146167573
3452,146167614
3453,146167686
3454,146167749
3455,146167789
3456,146167876
3457,146167915
3458,146167990
3459,146168038
3460,146168114
3461,146168170
3462,146168237
3463,146168284
3464,146168354
3465,146168387
3466,146168458
3467,146168503
3468,146168579
3469,146168669
3470,146168698
3471,146168769
3472,146168827
3473,146168899
3474,146168935
3475,146168995
3476,146169067
3477,146169123
3478,146169170
3479,146169177
3481,146169179
3482,146169181
3483,146169246
3484,146169302
3485,146169373
3486,146169443
3487,146169477
3488,146169560
3489,146169608
3490,146169670
3491,146169734
3492,146169780
3493,146169830
3494,146169889
3495,146169965
3496,146170016
3497,146170060
3498,146170144
3499,146170200
3500,146170263
3501,146170332
3502,146170381
3503,146170439
3504,146170498
3505,146170566
3506,146170616
3507,146170687
3508,146170751
3509,146170802
3510,146170838
3511,146170928
3512,146170980
3513,146171046
3514,146171108
3515,146171185
3516,146171221
3517,146171281
3518,146171327
3519,146171396
3520,146171470
3521,146171536
3522,146171582
3523,146171656
3524,146171710
3525,146171744
3526,146171828
3527,146171882
3528,146171938
3529,146172006
3530,146172059
3531,146172110
3532,146172165
3533,146172242
3534,146172300
3535,146172361
3536,146172447
3537,146172464
3538,146172543
3539,146172610
3540,146172657
3541,146172718
3542,146172784
3543,146172826
3544,146172909
3545,146172969
3546,146173026
3547,146173140
3548,146173205
3549,146173264
3550,146173328
3551,146173381
3552,146173444
3553,146173489
3554,146173496
3555,146173499
3556,146173501
3557,146173574
3558,146173618
3559,146173692
3560,146173740
3561,146173809
3562,146173852
3563,146173918
3564,146173990
3565,146174037
3566,146174100
3567,146174160
3568,146174225
3569,146174271
3570,146174322
3571,146174406
3572,146174480
3573,146174519
3574,146174582
3575,146174642
3576,146174689
3577,146174742
3578,146174814
3579,146174885
3580,146174953
3581,146174994
3582,146175055
3583,146175128
3584,146175198
3585,146175223
3586,146175287
3587,146175368
3588,146175429
3589,146175477
3590,146175530
3591,146175601
3592,146175662
3593,146175737
3594,146175808
3595,146175846
3596,146175902
3597,146175946
3598,146176018
3599,146176080
3600,146176138
3601,146176209
3602,146176245
3603,146176331
3604,146176444
3605,146176498
3606,146176559
3607,146176622
3608,146176687
3609,146176745
3610,146176803
3611,146176852
3612,146176919
3613,146176981
3614,146177038
3615,146177095
3616,146177158
3617,146177219
3618,146177267
3619,146177275
3620,146177278
3621,146177292
3622,146177339
3623,146177428
3624,146177465
3625,146177525
3626,146177548
3627,146177630
3628,146177723
3629,146177768
3630,146177832
3631,146177880
3632,146177938
3633,146178014
3634,146178060
3635,146178121
3636,146178180
3637,146178252
3638,146178283
3639,146178388
3640,146178417
3641,146178504
3642,146178554
3643,146178596
3644,146178655
3645,146178726
3646,146178778
3647,146178858
3648,146178917
3649,146178951
3650,146179005
3651,146179009
3652,146179012
3653,146179021
3654,146179029
3655,146179093
3656,146179144
3657,146179175
3658,146179251
3659,146179319
3660,146179397
3661,146179461
3662,146179516
3663,146179567
3664,146179620
3665,146179689
3666,146179742
3667,146179809
3668,146179850
3669,146179905
3670,146179977
3671,146180056
3672,146180110
3673,146180146
3674,146180210
3675,146180268
3676,146180321
3677,146180403
3678,146180473
3679,146180528
3680,146180581
3681,146180651
3682,146180709
3683,146180762
3684,146180825
3685,146180896
3686,146180937
3687,146180997
3688,146181076
3689,146181124
3690,146181192
3691,146181241
3692,146181300
3693,146181373
3694,146181418
3695,146181487
3696,146181555
3697,146181612
3698,146181652
3699,146181728
3700,146181777
3701,146181845
3702,146181905
3703,146181960
3704,146182019
3705,146182072
3706,146182148
3707,146182208
3708,146182256
3709,146182304
3710,146182376
3711,146182445
3712,146182494
3713,146182570
3714,146182604
3715,146182675
3716,146182737
3717,146182799
3718,146182861
3719,146182907
3720,146182973
3721,146183039
3722,146183054
3723,146183116
3724,146183155
3725,146183220
3726,146183284
3727,146183350
3728,146183390
3729,146183469
3730,146183520
3731,146183560
3732,146183641
3733,146183709
3734,146183763
3735,146183825
3736,146183879
3737,146183930
3738,146184006
3739,146184065
3740,146184123
3741,146184183
3742,146184250
3743,146184296
3744,146184360
3745,146184420
3746,146184484
3747,146184551
3748,146184604
3749,146184662
3750,146184721
3751,146184790
3752,146184838
3753,146184901
3754,146184962
3755,146185011
3756,146185067
3757,146185076
3758,146185101
3759,146185129
3760,146185202
3761,146185250
3762,146185324
3763,146185380
3764,146185454
3765,146185521
3766,146185555
3767,146185616
3768,146185676
3769,146185740
3770,146185811
3771,146185860
3772,146185926
3773,146185980
3774,146186043
3775,146186098
3776,146186184
3777,146186218
3778,146186291
3779,146186338
3780,146186413
3781,146186439
3782,146186525
3783,146186601
3784,146186636
3785,146186708
3786,146186744
3787,146186812
3788,146186888
3789,146186935
3790,146186994
3791,146187064
3792,146187125
3793,146187175
3794,146187249
3795,146187300
3796,146187366
3797,146187413
3798,146187488
3799,146187551
3800,146187591
3801,146187662
3802,146187714
3803,146187778
3804,146187781
3805,146187792
3806,146187799
3807,146187835
3808,146187904
3809,146187965
3810,146188009
3811,146188089
3812,146188133
3813,146188193
3814,146188270
3815,146188325
3816,146188380
3817,146188439
3818,146188493
3819,146188553
3820,146188623
3821,146188689
3822,146188742
3823,146188801
3824,146188864
3825,146188925
3826,146188980
3827,146189032
3828,146189119
3829,146189146
3830,146189214
3831,146189287
3832,146189330
3833,146189411
3834,146189474
3835,146189537
3836,146189589
3837,146189633
3838,146189688
3839,146189750
3840,146189824
3841,146189878
3842,146189936
3843,146190022
3844,146190063
3845,146190116
3846,146190168
3847,146190243
3848,146190298
3849,146190369
3850,146190417
3851,146190503
3852,146190539
3853,146190600
3854,146190653
3855,146190737
3856,146190767
3857,146190848
3858,146190929
3859,146190959
3860,146191008
3861,146191087
3862,146191151
3863,146191195
3864,146191268
3865,146191321
3866,146191374
3867,146191452
3868,146191493
3869,146191562
3870,146191620
3871,146191682
3872,146191750
3873,146191796
3874,146191879
3875,146191931
3876,146191989
3877,146192025
3878,146192099
3879,146192153
3880,146192299
3881,146192367
3882,146192418
3883,146192465
3884,146192530
3885,146192596
3886,146192647
3887,146192688
3888,146192766
3889,146192827
3890,146192881
3891,146192951
3892,146193007
3893,146193073
3894,146193112
3895,146193192
3896,146193294
3897,146193365
3898,146193414
3899,146193480
3900,146193523
3901,146193600
3902,146193656
3903,146193724
3904,146193783
3905,146193841
3906,146193892
3907,146193966
3908,146194013
3909,146194083
3910,146194134
3911,146194211
3912,146194249
3913,146194339
3914,146194387
3915,146194441
3916,146194507
3917,146194560
3918,146194623
3919,146194676
3920,146194740
3921,146194788
3922,146194876
3923,146194923
3924,146194987
3925,146195052
3926,146195092
3927,146195164
3928,146195207
3929,146195287
3930,146195340
3931,146195414
3932,146195460
3933,146195519
3934,146195586
3935,146195639
3936,146195702
3937,146195761
3938,146195822
3939,146195882
3940,146195955
3941,146196008
3942,146196066
3943,146196113
3944,146196181
3945,146196226
3946,146196287
3947,146196381
3948,146196426
3949,146196498
3950,146196556
3951,146196610
3952,146196673
3953,146196728
3954,146196791
3955,146196840
3956,146196948
3957,146197018
3958,146197094
3959,146197162
3960,146197206
3961,146197276
3962,146197332
3963,146197374
3964,146197436
3965,146197488
3966,146197561
3967,146197626
3968,146197696
3969,146197747
3970,146197796
3971,146197877
3972,146197916
3973,146198000
3974,146198031
3975,146198100
3976,146198163
3977,146198224
3978,146198294
3979,146198328
3980,146198396
3981,146198465
3982,146198534
3983,146198592
3984,146198637
3985,146198707
3986,146198759
3987,146198843
3988,146198855
3989,146198930
3990,146199008
3991,146199051
3992,146199102
3993,146199194
3994,146199245
3995,146199311
3996,146199385
3997,146199420
3998,146199489
3999,146199532
4000,146199604
4001,146199654
4002,146199727
4003,146199783
4004,146199826
4005,146199893
4006,146199984
4007,146200012
4008,146200067
4009,146200139
4010,146200201
4011,146200262
4012,146200324
4013,146200383
